{
    "algs": [
        {
            "algName": "bmr",
            "containerName": "compsysmed/bmr"
        },
        {
            "algName": "dl",
            "containerName": "compsysmed/dl"
        },
        {
            "algName": "fka.begk",
            "containerName": "compsysmed/fka-begk"
        },
        {
            "algName": "hbc",
            "containerName": "compsysmed/hbc"
        },
        {
            "algName": "ks",
            "containerName": "compsysmed/ks"
        },
        {
            "algName": "mhs2",
            "containerName": "compsysmed/mhs2",
            "cutoff": true,
            "slow": true,
            "threads": true
        },
        {
            "algName": "partran",
            "containerName": "compsysmed/partran",
            "slow": true,
            "threads": true
        },
        {
            "algName": "mmcs",
            "config": {
                "MODE": "mmcs"
            },
            "containerName": "compsysmed/shd"
        },
        {
            "algName": "rs",
            "config": {
                "MODE": "rs"
            },
            "containerName": "compsysmed/shd"
        },
        {
            "algName": "htcbdd",
            "config": {
                "MODE": "toda"
            },
            "containerName": "compsysmed/htcbdd"
        },
        {
            "algName": "knuth",
            "config": {
                "MODE": "knuth"
            },
            "containerName": "compsysmed/htcbdd"
        },
        {
            "algName": "bool.iterative",
            "config": {
                "ALGORITHM_NAME": "bool-iterative"
            },
            "containerName": "compsysmed/pymbd",
            "cutoff": true
        },
        {
            "algName": "hst",
            "config": {
                "ALGORITHM_NAME": "hst"
            },
            "containerName": "compsysmed/pymbd",
            "cutoff": true,
            "slow": true
        },
        {
            "algName": "hsdag",
            "config": {
                "ALGORITHM_NAME": "hsdag"
            },
            "containerName": "compsysmed/pymbd",
            "cutoff": true,
            "slow": true
        },
        {
            "algName": "staccato",
            "config": {
                "ALGORITHM_NAME": "staccato"
            },
            "containerName": "compsysmed/pymbd",
            "cutoff": true,
            "slow": true
        },
        {
            "algName": "pMMCS",
            "config": {
                "ALGORITHM": "pmmcs"
            },
            "containerName": "compsysmed/agdmhs",
            "cutoff": true,
            "threads": true
        },
        {
            "algName": "pRS",
            "config": {
                "ALGORITHM": "prs"
            },
            "containerName": "compsysmed/agdmhs",
            "cutoff": true,
            "threads": true
        },
        {
            "algName": "berge",
            "config": {
                "ALGORITHM": "berge"
            },
            "containerName": "compsysmed/agdmhs",
            "cutoff": true,
            "slow": true
        },
        {
            "algName": "bm",
            "config": {
                "ALGORITHM": "bm"
            },
            "containerName": "compsysmed/agdmhs",
            "threads": true
        },
        {
            "algName": "ocsanaGreedy",
            "containerName": "compsysmed/ocsanamhs",
            "cutoff": true
        },
        {
            "algName": "primdecomp",
            "containerName": "compsysmed/primdecomp"
        }
    ],
    "runtimes": {
        "berge": [
            Infinity,
            Infinity,
            Infinity
        ],
        "berge-c10": [
            Infinity,
            Infinity,
            Infinity
        ],
        "berge-c5": [
            Infinity,
            Infinity,
            Infinity
        ],
        "berge-c7": [
            Infinity,
            Infinity,
            Infinity
        ],
        "bm": [
            Infinity,
            Infinity,
            Infinity
        ],
        "bm-t12": [
            Infinity,
            Infinity,
            Infinity
        ],
        "bm-t16": [
            Infinity,
            Infinity,
            Infinity
        ],
        "bm-t2": [
            Infinity,
            Infinity,
            Infinity
        ],
        "bm-t4": [
            Infinity,
            Infinity,
            Infinity
        ],
        "bm-t6": [
            Infinity,
            Infinity,
            Infinity
        ],
        "bm-t8": [
            Infinity,
            Infinity,
            Infinity
        ],
        "bmr": [
            13.659713983535767,
            13.60175085067749,
            13.575839042663574
        ],
        "bool.iterative": [
            Infinity,
            Infinity,
            Infinity
        ],
        "bool.iterative-c10": [
            Infinity,
            Infinity,
            Infinity
        ],
        "bool.iterative-c5": [
            392.0761020183563,
            396.88082218170166,
            394.34890508651733
        ],
        "bool.iterative-c7": [
            1705.161540031433,
            1687.4008619785309,
            1700.3504180908203
        ],
        "dl": [
            146.39444398880005,
            146.44118404388428,
            146.52146911621094
        ],
        "fka.begk": [
            2272.9161999225616,
            2264.671513080597,
            2271.215173959732
        ],
        "hbc": [
            3.4543049335479736,
            3.461215019226074,
            3.4350669384002686
        ],
        "hsdag": [
            Infinity,
            Infinity,
            Infinity
        ],
        "hsdag-c10": [
            Infinity,
            Infinity,
            Infinity
        ],
        "hsdag-c5": [
            Infinity,
            Infinity,
            Infinity
        ],
        "hsdag-c7": [
            Infinity,
            Infinity,
            Infinity
        ],
        "hst": [
            Infinity,
            Infinity,
            Infinity
        ],
        "hst-c10": [
            Infinity,
            Infinity,
            Infinity
        ],
        "hst-c5": [
            602.9991631507874,
            594.7896549701691,
            601.2656860351562
        ],
        "hst-c7": [
            Infinity,
            Infinity,
            Infinity
        ],
        "htcbdd": [
            Infinity
        ],
        "knuth": [
            Infinity
        ],
        "ks": [
            1.4714388847351074,
            1.4746510982513428,
            1.4279580116271973
        ],
        "mhs2": [
            125.85660600662231,
            124.11667108535767,
            128.8908121585846
        ],
        "mhs2-c10": [
            130.09989285469055,
            123.63855290412903,
            124.1036958694458
        ],
        "mhs2-c5": [
            116.74373483657837,
            117.37964510917664,
            117.78527784347534
        ],
        "mhs2-c7": [
            124.46046614646912,
            120.86867904663086,
            120.93547987937927
        ],
        "mhs2-t12": [
            236.90986895561218,
            240.8766131401062,
            237.37096214294434
        ],
        "mhs2-t12-c10": [
            214.83864402770996,
            227.2084629535675,
            235.11102199554443
        ],
        "mhs2-t12-c5": [
            201.06880497932434,
            201.61761116981506,
            207.92843914031982
        ],
        "mhs2-t12-c7": [
            213.09795212745667,
            212.714093208313,
            212.4564299583435
        ],
        "mhs2-t16": [
            260.1385569572449,
            260.29979395866394,
            261.3985378742218
        ],
        "mhs2-t16-c10": [
            259.96148705482483,
            260.2105920314789,
            260.119087934494
        ],
        "mhs2-t16-c5": [
            258.4773359298706,
            258.7655129432678,
            258.38425302505493
        ],
        "mhs2-t16-c7": [
            259.4917631149292,
            259.6006979942322,
            259.8295738697052
        ],
        "mhs2-t2": [
            125.33838701248169,
            123.23562812805176,
            124.01544785499573
        ],
        "mhs2-t2-c10": [
            123.52505993843079,
            124.00700688362122,
            123.00593996047974
        ],
        "mhs2-t2-c5": [
            115.26973485946655,
            115.45977997779846,
            115.20616912841797
        ],
        "mhs2-t2-c7": [
            119.60585498809814,
            122.1400818824768,
            124.9443039894104
        ],
        "mhs2-t4": [
            125.39021396636963,
            125.64011001586914,
            126.0988519191742
        ],
        "mhs2-t4-c10": [
            126.98708891868591,
            125.95634603500366,
            125.35268211364746
        ],
        "mhs2-t4-c5": [
            127.14556193351746,
            129.5000400543213,
            125.23259496688843
        ],
        "mhs2-t4-c7": [
            122.41004681587219,
            123.31845903396606,
            127.43400192260742
        ],
        "mhs2-t6": [
            134.65711903572083,
            140.4590208530426,
            138.0741832256317
        ],
        "mhs2-t6-c10": [
            134.9097819328308,
            138.35183191299438,
            136.66571307182312
        ],
        "mhs2-t6-c5": [
            131.27136301994324,
            133.0459041595459,
            131.42114686965942
        ],
        "mhs2-t6-c7": [
            134.00884199142456,
            135.90202593803406,
            140.48536205291748
        ],
        "mhs2-t8": [
            175.58699703216553,
            169.58561992645264,
            167.9339737892151
        ],
        "mhs2-t8-c10": [
            157.05069208145142,
            151.25953483581543,
            178.3707458972931
        ],
        "mhs2-t8-c5": [
            172.57035303115845,
            168.74315905570984,
            160.13929796218872
        ],
        "mhs2-t8-c7": [
            175.794193983078,
            169.22755002975464,
            164.69880604743958
        ],
        "mmcs": [
            2.272454023361206,
            2.2970130443573,
            2.2774951457977295
        ],
        "ocsanaGreedy": [
            Infinity,
            Infinity,
            Infinity
        ],
        "ocsanaGreedy-c10": [
            Infinity,
            Infinity,
            Infinity
        ],
        "ocsanaGreedy-c5": [
            963.8979740142822,
            957.7009191513062,
            954.7756462097168
        ],
        "ocsanaGreedy-c7": [
            Infinity,
            Infinity,
            Infinity
        ],
        "pMMCS": [
            1.8187801837921143,
            1.6787800788879395,
            1.827873945236206
        ],
        "pMMCS-c10": [
            1.8082311153411865,
            1.8022589683532715,
            1.7782039642333984
        ],
        "pMMCS-c5": [
            1.1936190128326416,
            1.201956033706665,
            1.216968059539795
        ],
        "pMMCS-c7": [
            1.5962119102478027,
            1.617940902709961,
            1.564013957977295
        ],
        "pMMCS-t12": [
            1.7202980518341064,
            1.6934340000152588,
            1.7526438236236572
        ],
        "pMMCS-t12-c10": [
            1.7349200248718262,
            1.9078350067138672,
            1.8777050971984863
        ],
        "pMMCS-t12-c5": [
            1.2514209747314453,
            1.2524871826171875,
            1.2118499279022217
        ],
        "pMMCS-t12-c7": [
            1.6614019870758057,
            1.6222448348999023,
            1.8003818988800049
        ],
        "pMMCS-t16": [
            1.9582529067993164,
            1.9108619689941406,
            1.7417330741882324
        ],
        "pMMCS-t16-c10": [
            1.7409939765930176,
            2.0205440521240234,
            1.9909069538116455
        ],
        "pMMCS-t16-c5": [
            1.420145034790039,
            1.3154139518737793,
            1.289923906326294
        ],
        "pMMCS-t16-c7": [
            1.7746410369873047,
            1.6884539127349854,
            1.6513612270355225
        ],
        "pMMCS-t2": [
            1.6878788471221924,
            1.6610710620880127,
            1.8027660846710205
        ],
        "pMMCS-t2-c10": [
            1.7252190113067627,
            1.6659061908721924,
            1.8833401203155518
        ],
        "pMMCS-t2-c5": [
            1.2154130935668945,
            1.1570370197296143,
            1.2093069553375244
        ],
        "pMMCS-t2-c7": [
            1.4495790004730225,
            1.5167322158813477,
            1.5106360912322998
        ],
        "pMMCS-t4": [
            1.6404681205749512,
            1.5510179996490479,
            1.6451969146728516
        ],
        "pMMCS-t4-c10": [
            1.7575109004974365,
            1.506519079208374,
            1.6734511852264404
        ],
        "pMMCS-t4-c5": [
            1.1537821292877197,
            1.1739599704742432,
            1.1893210411071777
        ],
        "pMMCS-t4-c7": [
            1.445396900177002,
            1.5353899002075195,
            1.5256881713867188
        ],
        "pMMCS-t6": [
            1.5296831130981445,
            1.6099472045898438,
            1.6427149772644043
        ],
        "pMMCS-t6-c10": [
            1.580780029296875,
            1.7525739669799805,
            1.7469778060913086
        ],
        "pMMCS-t6-c5": [
            1.231999158859253,
            1.1770870685577393,
            1.235663890838623
        ],
        "pMMCS-t6-c7": [
            1.4603140354156494,
            1.52256178855896,
            1.5527338981628418
        ],
        "pMMCS-t8": [
            1.7311420440673828,
            1.6800529956817627,
            1.6162278652191162
        ],
        "pMMCS-t8-c10": [
            1.701240062713623,
            1.6938490867614746,
            1.7300021648406982
        ],
        "pMMCS-t8-c5": [
            1.2575058937072754,
            1.2423410415649414,
            1.1722478866577148
        ],
        "pMMCS-t8-c7": [
            1.4727120399475098,
            1.5081701278686523,
            1.567882776260376
        ],
        "pRS": [
            3.046035051345825,
            3.0539751052856445,
            3.0595932006835938
        ],
        "pRS-c10": [
            3.1322271823883057,
            3.1633169651031494,
            3.038022041320801
        ],
        "pRS-c5": [
            1.4596538543701172,
            1.4474658966064453,
            1.4584619998931885
        ],
        "pRS-c7": [
            2.5454330444335938,
            2.504593849182129,
            2.552196979522705
        ],
        "pRS-t12": [
            2.4740090370178223,
            2.2959439754486084,
            2.177082061767578
        ],
        "pRS-t12-c10": [
            2.4722819328308105,
            2.1527459621429443,
            2.083296775817871
        ],
        "pRS-t12-c5": [
            1.333597183227539,
            1.3559601306915283,
            1.369940996170044
        ],
        "pRS-t12-c7": [
            2.0349810123443604,
            1.9435350894927979,
            1.9360320568084717
        ],
        "pRS-t16": [
            2.7500429153442383,
            2.6720659732818604,
            2.767146110534668
        ],
        "pRS-t16-c10": [
            2.8504838943481445,
            2.744565010070801,
            2.648488998413086
        ],
        "pRS-t16-c5": [
            1.5009191036224365,
            1.3682949542999268,
            1.4367539882659912
        ],
        "pRS-t16-c7": [
            2.328397035598755,
            2.175755023956299,
            2.283473014831543
        ],
        "pRS-t2": [
            2.378359794616699,
            2.4323408603668213,
            2.4103078842163086
        ],
        "pRS-t2-c10": [
            2.3134758472442627,
            2.3913590908050537,
            2.4987411499023438
        ],
        "pRS-t2-c5": [
            1.3517489433288574,
            1.3114960193634033,
            1.3349411487579346
        ],
        "pRS-t2-c7": [
            2.225790023803711,
            2.136439800262451,
            2.1328020095825195
        ],
        "pRS-t4": [
            2.289504051208496,
            2.2426559925079346,
            2.1287879943847656
        ],
        "pRS-t4-c10": [
            2.0252771377563477,
            2.391331911087036,
            2.1817760467529297
        ],
        "pRS-t4-c5": [
            1.2481701374053955,
            1.2726061344146729,
            1.26926589012146
        ],
        "pRS-t4-c7": [
            2.104759931564331,
            1.9763100147247314,
            1.7994370460510254
        ],
        "pRS-t6": [
            2.3736751079559326,
            2.0426459312438965,
            2.078061103820801
        ],
        "pRS-t6-c10": [
            2.1536221504211426,
            2.1072280406951904,
            2.077768087387085
        ],
        "pRS-t6-c5": [
            1.3306469917297363,
            1.20176100730896,
            1.311556100845337
        ],
        "pRS-t6-c7": [
            1.7867400646209717,
            1.8291349411010742,
            1.8696329593658447
        ],
        "pRS-t8": [
            2.2044260501861572,
            2.05531907081604,
            2.113970994949341
        ],
        "pRS-t8-c10": [
            2.2158968448638916,
            2.1610279083251953,
            2.0506460666656494
        ],
        "pRS-t8-c5": [
            1.2748370170593262,
            1.294694185256958,
            1.3164889812469482
        ],
        "pRS-t8-c7": [
            1.8291411399841309,
            1.748227834701538,
            1.8685951232910156
        ],
        "partran": [
            Infinity,
            Infinity,
            Infinity
        ],
        "partran-t12": [
            Infinity,
            Infinity,
            Infinity
        ],
        "partran-t16": [
            Infinity,
            Infinity,
            Infinity
        ],
        "partran-t2": [
            Infinity,
            Infinity,
            Infinity
        ],
        "partran-t4": [
            Infinity,
            Infinity,
            Infinity
        ],
        "partran-t6": [
            Infinity,
            Infinity,
            Infinity
        ],
        "partran-t8": [
            Infinity,
            Infinity,
            Infinity
        ],
        "primdecomp": [
            Infinity,
            Infinity,
            Infinity
        ],
        "rs": [
            2.3576128482818604,
            2.268890142440796,
            2.23127818107605
        ],
        "staccato": [
            Infinity,
            Infinity,
            Infinity
        ],
        "staccato-c10": [
            Infinity,
            Infinity,
            Infinity
        ],
        "staccato-c5": [
            Infinity,
            Infinity,
            Infinity
        ],
        "staccato-c7": [
            Infinity,
            Infinity,
            Infinity
        ]
    },
    "timeout_secs": 3600,
    "transversal_counts": {
        "bmr": [
            47137,
            47137,
            47137
        ],
        "bool.iterative-c5": [
            12536,
            12536,
            12536
        ],
        "bool.iterative-c7": [
            34281,
            34281,
            34281
        ],
        "dl": [
            47137,
            47137,
            47137
        ],
        "fka.begk": [
            46710,
            46710,
            46710
        ],
        "hbc": [
            47136,
            47136,
            47136
        ],
        "hst-c5": [
            12536,
            12536,
            12536
        ],
        "ks": [
            296,
            296,
            296
        ],
        "mhs2": [
            46710,
            46710,
            46710
        ],
        "mhs2-c10": [
            46222,
            46222,
            46222
        ],
        "mhs2-c5": [
            12134,
            12134,
            12134
        ],
        "mhs2-c7": [
            33854,
            33854,
            33854
        ],
        "mhs2-t12": [
            46710,
            46710,
            46710
        ],
        "mhs2-t12-c10": [
            46222,
            46222,
            46222
        ],
        "mhs2-t12-c5": [
            12134,
            12134,
            12134
        ],
        "mhs2-t12-c7": [
            33854,
            33854,
            33854
        ],
        "mhs2-t16": [
            46710,
            46710,
            46710
        ],
        "mhs2-t16-c10": [
            46222,
            46222,
            46222
        ],
        "mhs2-t16-c5": [
            12134,
            12134,
            12134
        ],
        "mhs2-t16-c7": [
            33854,
            33854,
            33854
        ],
        "mhs2-t2": [
            46710,
            46710,
            46710
        ],
        "mhs2-t2-c10": [
            46222,
            46222,
            46222
        ],
        "mhs2-t2-c5": [
            12134,
            12134,
            12134
        ],
        "mhs2-t2-c7": [
            33854,
            33854,
            33854
        ],
        "mhs2-t4": [
            46710,
            46710,
            46710
        ],
        "mhs2-t4-c10": [
            46222,
            46222,
            46222
        ],
        "mhs2-t4-c5": [
            12134,
            12134,
            12134
        ],
        "mhs2-t4-c7": [
            33854,
            33854,
            33854
        ],
        "mhs2-t6": [
            46710,
            46710,
            46710
        ],
        "mhs2-t6-c10": [
            46222,
            46222,
            46222
        ],
        "mhs2-t6-c5": [
            12134,
            12134,
            12134
        ],
        "mhs2-t6-c7": [
            33854,
            33854,
            33854
        ],
        "mhs2-t8": [
            46710,
            46710,
            46710
        ],
        "mhs2-t8-c10": [
            46222,
            46222,
            46222
        ],
        "mhs2-t8-c5": [
            12134,
            12134,
            12134
        ],
        "mhs2-t8-c7": [
            33854,
            33854,
            33854
        ],
        "mmcs": [
            47137,
            47137,
            47137
        ],
        "ocsanaGreedy-c5": [
            5910,
            5910,
            5910
        ],
        "pMMCS": [
            47137,
            47137,
            47137
        ],
        "pMMCS-c10": [
            46649,
            46649,
            46649
        ],
        "pMMCS-c5": [
            12536,
            12536,
            12536
        ],
        "pMMCS-c7": [
            34281,
            34281,
            34281
        ],
        "pMMCS-t12": [
            47137,
            47137,
            47137
        ],
        "pMMCS-t12-c10": [
            46649,
            46649,
            46649
        ],
        "pMMCS-t12-c5": [
            12536,
            12536,
            12536
        ],
        "pMMCS-t12-c7": [
            34281,
            34281,
            34281
        ],
        "pMMCS-t16": [
            47137,
            47137,
            47137
        ],
        "pMMCS-t16-c10": [
            46649,
            46649,
            46649
        ],
        "pMMCS-t16-c5": [
            12536,
            12536,
            12536
        ],
        "pMMCS-t16-c7": [
            34281,
            34281,
            34281
        ],
        "pMMCS-t2": [
            47137,
            47137,
            47137
        ],
        "pMMCS-t2-c10": [
            46649,
            46649,
            46649
        ],
        "pMMCS-t2-c5": [
            12536,
            12536,
            12536
        ],
        "pMMCS-t2-c7": [
            34281,
            34281,
            34281
        ],
        "pMMCS-t4": [
            47137,
            47137,
            47137
        ],
        "pMMCS-t4-c10": [
            46649,
            46649,
            46649
        ],
        "pMMCS-t4-c5": [
            12536,
            12536,
            12536
        ],
        "pMMCS-t4-c7": [
            34281,
            34281,
            34281
        ],
        "pMMCS-t6": [
            47137,
            47137,
            47137
        ],
        "pMMCS-t6-c10": [
            46649,
            46649,
            46649
        ],
        "pMMCS-t6-c5": [
            12536,
            12536,
            12536
        ],
        "pMMCS-t6-c7": [
            34281,
            34281,
            34281
        ],
        "pMMCS-t8": [
            47137,
            47137,
            47137
        ],
        "pMMCS-t8-c10": [
            46649,
            46649,
            46649
        ],
        "pMMCS-t8-c5": [
            12536,
            12536,
            12536
        ],
        "pMMCS-t8-c7": [
            34281,
            34281,
            34281
        ],
        "pRS": [
            47137,
            47137,
            47137
        ],
        "pRS-c10": [
            46649,
            46649,
            46649
        ],
        "pRS-c5": [
            12536,
            12536,
            12536
        ],
        "pRS-c7": [
            34281,
            34281,
            34281
        ],
        "pRS-t12": [
            47137,
            47137,
            47137
        ],
        "pRS-t12-c10": [
            46649,
            46649,
            46649
        ],
        "pRS-t12-c5": [
            12536,
            12536,
            12536
        ],
        "pRS-t12-c7": [
            34281,
            34281,
            34281
        ],
        "pRS-t16": [
            47137,
            47137,
            47137
        ],
        "pRS-t16-c10": [
            46649,
            46649,
            46649
        ],
        "pRS-t16-c5": [
            12536,
            12536,
            12536
        ],
        "pRS-t16-c7": [
            34281,
            34281,
            34281
        ],
        "pRS-t2": [
            47137,
            47137,
            47137
        ],
        "pRS-t2-c10": [
            46649,
            46649,
            46649
        ],
        "pRS-t2-c5": [
            12536,
            12536,
            12536
        ],
        "pRS-t2-c7": [
            34281,
            34281,
            34281
        ],
        "pRS-t4": [
            47137,
            47137,
            47137
        ],
        "pRS-t4-c10": [
            46649,
            46649,
            46649
        ],
        "pRS-t4-c5": [
            12536,
            12536,
            12536
        ],
        "pRS-t4-c7": [
            34281,
            34281,
            34281
        ],
        "pRS-t6": [
            47137,
            47137,
            47137
        ],
        "pRS-t6-c10": [
            46649,
            46649,
            46649
        ],
        "pRS-t6-c5": [
            12536,
            12536,
            12536
        ],
        "pRS-t6-c7": [
            34281,
            34281,
            34281
        ],
        "pRS-t8": [
            47137,
            47137,
            47137
        ],
        "pRS-t8-c10": [
            46649,
            46649,
            46649
        ],
        "pRS-t8-c5": [
            12536,
            12536,
            12536
        ],
        "pRS-t8-c7": [
            34281,
            34281,
            34281
        ],
        "rs": [
            47137,
            47137,
            47137
        ]
    }
}