{
    "algs": [
        {
            "algName": "bmr",
            "containerName": "compsysmed/bmr"
        },
        {
            "algName": "dl",
            "containerName": "compsysmed/dl"
        },
        {
            "algName": "fka.begk",
            "containerName": "compsysmed/fka-begk"
        },
        {
            "algName": "hbc",
            "containerName": "compsysmed/hbc"
        },
        {
            "algName": "ks",
            "containerName": "compsysmed/ks"
        },
        {
            "algName": "mhs2",
            "containerName": "compsysmed/mhs2",
            "cutoff": true,
            "slow": true,
            "threads": true
        },
        {
            "algName": "partran",
            "containerName": "compsysmed/partran",
            "slow": true,
            "threads": true
        },
        {
            "algName": "mmcs",
            "config": {
                "MODE": "mmcs"
            },
            "containerName": "compsysmed/shd"
        },
        {
            "algName": "rs",
            "config": {
                "MODE": "rs"
            },
            "containerName": "compsysmed/shd"
        },
        {
            "algName": "htcbdd",
            "config": {
                "MODE": "toda"
            },
            "containerName": "compsysmed/htcbdd"
        },
        {
            "algName": "knuth",
            "config": {
                "MODE": "knuth"
            },
            "containerName": "compsysmed/htcbdd"
        },
        {
            "algName": "bool.iterative",
            "config": {
                "ALGORITHM_NAME": "bool-iterative"
            },
            "containerName": "compsysmed/pymbd",
            "cutoff": true
        },
        {
            "algName": "hst",
            "config": {
                "ALGORITHM_NAME": "hst"
            },
            "containerName": "compsysmed/pymbd",
            "cutoff": true,
            "slow": true
        },
        {
            "algName": "hsdag",
            "config": {
                "ALGORITHM_NAME": "hsdag"
            },
            "containerName": "compsysmed/pymbd",
            "cutoff": true,
            "slow": true
        },
        {
            "algName": "staccato",
            "config": {
                "ALGORITHM_NAME": "staccato"
            },
            "containerName": "compsysmed/pymbd",
            "cutoff": true,
            "slow": true
        },
        {
            "algName": "pMMCS",
            "config": {
                "ALGORITHM": "pmmcs"
            },
            "containerName": "compsysmed/agdmhs",
            "cutoff": true,
            "threads": true
        },
        {
            "algName": "pRS",
            "config": {
                "ALGORITHM": "prs"
            },
            "containerName": "compsysmed/agdmhs",
            "cutoff": true,
            "threads": true
        },
        {
            "algName": "berge",
            "config": {
                "ALGORITHM": "berge"
            },
            "containerName": "compsysmed/agdmhs",
            "cutoff": true,
            "slow": true
        },
        {
            "algName": "bm",
            "config": {
                "ALGORITHM": "bm"
            },
            "containerName": "compsysmed/agdmhs",
            "threads": true
        },
        {
            "algName": "ocsanaGreedy",
            "containerName": "compsysmed/ocsanamhs",
            "cutoff": true
        },
        {
            "algName": "primdecomp",
            "containerName": "compsysmed/primdecomp"
        }
    ],
    "runtimes": {
        "berge": [
            Infinity,
            Infinity,
            Infinity
        ],
        "berge-c10": [
            Infinity,
            Infinity,
            Infinity
        ],
        "berge-c5": [
            Infinity,
            Infinity,
            Infinity
        ],
        "berge-c7": [
            Infinity,
            Infinity,
            Infinity
        ],
        "bm": [
            Infinity,
            Infinity,
            Infinity
        ],
        "bm-t12": [
            Infinity,
            Infinity,
            Infinity
        ],
        "bm-t16": [
            Infinity,
            Infinity,
            Infinity
        ],
        "bm-t2": [
            Infinity,
            Infinity,
            Infinity
        ],
        "bm-t4": [
            Infinity,
            Infinity,
            Infinity
        ],
        "bm-t6": [
            Infinity,
            Infinity,
            Infinity
        ],
        "bm-t8": [
            Infinity,
            Infinity,
            Infinity
        ],
        "bmr": [
            108.55978798866272,
            109.53126311302185,
            108.058522939682
        ],
        "bool.iterative": [
            Infinity,
            Infinity,
            Infinity
        ],
        "bool.iterative-c10": [
            Infinity,
            Infinity,
            Infinity
        ],
        "bool.iterative-c5": [
            Infinity,
            Infinity,
            Infinity
        ],
        "bool.iterative-c7": [
            Infinity,
            Infinity,
            Infinity
        ],
        "dl": [
            2763.7032628059387,
            2763.594268798828,
            2735.0812718868256
        ],
        "fka.begk": [
            Infinity
        ],
        "hbc": [
            29.865158081054688,
            28.591198921203613,
            28.37635087966919
        ],
        "hsdag": [
            Infinity,
            Infinity,
            Infinity
        ],
        "hsdag-c10": [
            Infinity,
            Infinity,
            Infinity
        ],
        "hsdag-c5": [
            Infinity,
            Infinity,
            Infinity
        ],
        "hsdag-c7": [
            Infinity,
            Infinity,
            Infinity
        ],
        "hst": [
            Infinity,
            Infinity,
            Infinity
        ],
        "hst-c10": [
            Infinity,
            Infinity,
            Infinity
        ],
        "hst-c5": [
            Infinity,
            Infinity,
            Infinity
        ],
        "hst-c7": [
            Infinity,
            Infinity,
            Infinity
        ],
        "htcbdd": [
            Infinity
        ],
        "knuth": [
            Infinity
        ],
        "ks": [
            3.8150289058685303,
            3.865278959274292,
            3.8421380519866943
        ],
        "mhs2": [
            Infinity,
            Infinity,
            Infinity
        ],
        "mhs2-c10": [
            Infinity,
            Infinity,
            Infinity
        ],
        "mhs2-c5": [
            Infinity,
            Infinity,
            Infinity
        ],
        "mhs2-c7": [
            Infinity,
            Infinity,
            Infinity
        ],
        "mhs2-t12": [
            Infinity,
            Infinity,
            Infinity
        ],
        "mhs2-t12-c10": [
            Infinity,
            Infinity,
            Infinity
        ],
        "mhs2-t12-c5": [
            Infinity,
            Infinity,
            Infinity
        ],
        "mhs2-t12-c7": [
            Infinity,
            Infinity,
            Infinity
        ],
        "mhs2-t16": [
            Infinity,
            Infinity,
            Infinity
        ],
        "mhs2-t16-c10": [
            Infinity,
            Infinity,
            Infinity
        ],
        "mhs2-t16-c5": [
            Infinity,
            Infinity,
            Infinity
        ],
        "mhs2-t16-c7": [
            Infinity,
            Infinity,
            Infinity
        ],
        "mhs2-t2": [
            Infinity,
            Infinity,
            Infinity
        ],
        "mhs2-t2-c10": [
            Infinity,
            Infinity,
            Infinity
        ],
        "mhs2-t2-c5": [
            Infinity,
            Infinity,
            Infinity
        ],
        "mhs2-t2-c7": [
            Infinity,
            Infinity,
            Infinity
        ],
        "mhs2-t4": [
            Infinity,
            Infinity,
            Infinity
        ],
        "mhs2-t4-c10": [
            Infinity,
            Infinity,
            Infinity
        ],
        "mhs2-t4-c5": [
            Infinity,
            Infinity,
            Infinity
        ],
        "mhs2-t4-c7": [
            Infinity,
            Infinity,
            Infinity
        ],
        "mhs2-t6": [
            Infinity,
            Infinity,
            Infinity
        ],
        "mhs2-t6-c10": [
            Infinity,
            Infinity,
            Infinity
        ],
        "mhs2-t6-c5": [
            Infinity,
            Infinity,
            Infinity
        ],
        "mhs2-t6-c7": [
            Infinity,
            Infinity,
            Infinity
        ],
        "mhs2-t8": [
            Infinity,
            Infinity,
            Infinity
        ],
        "mhs2-t8-c10": [
            Infinity,
            Infinity,
            Infinity
        ],
        "mhs2-t8-c5": [
            Infinity,
            Infinity,
            Infinity
        ],
        "mhs2-t8-c7": [
            Infinity,
            Infinity,
            Infinity
        ],
        "mmcs": [
            20.263041973114014,
            21.092478036880493,
            19.76534104347229
        ],
        "ocsanaGreedy": [
            Infinity,
            Infinity,
            Infinity
        ],
        "ocsanaGreedy-c10": [
            Infinity,
            Infinity,
            Infinity
        ],
        "ocsanaGreedy-c5": [
            Infinity,
            Infinity,
            Infinity
        ],
        "ocsanaGreedy-c7": [
            Infinity,
            Infinity,
            Infinity
        ],
        "pMMCS": [
            17.313979148864746,
            17.321638107299805,
            17.316910982131958
        ],
        "pMMCS-c10": [
            16.677574157714844,
            16.632665157318115,
            16.69586706161499
        ],
        "pMMCS-c5": [
            6.440292119979858,
            6.363181829452515,
            6.405164957046509
        ],
        "pMMCS-c7": [
            11.402323961257935,
            11.175158023834229,
            11.174458980560303
        ],
        "pMMCS-t12": [
            15.891642093658447,
            17.11720895767212,
            18.13978099822998
        ],
        "pMMCS-t12-c10": [
            16.625258207321167,
            16.31533122062683,
            17.55473804473877
        ],
        "pMMCS-t12-c5": [
            6.656617879867554,
            6.413057088851929,
            6.420212030410767
        ],
        "pMMCS-t12-c7": [
            11.774327993392944,
            10.589816808700562,
            10.683424234390259
        ],
        "pMMCS-t16": [
            17.87575387954712,
            19.275545835494995,
            16.61536693572998
        ],
        "pMMCS-t16-c10": [
            16.50943899154663,
            18.856409072875977,
            16.56824803352356
        ],
        "pMMCS-t16-c5": [
            6.6664721965789795,
            6.869388103485107,
            6.3762078285217285
        ],
        "pMMCS-t16-c7": [
            12.591746091842651,
            10.788258075714111,
            11.597243070602417
        ],
        "pMMCS-t2": [
            15.951777935028076,
            13.294053792953491,
            15.183621883392334
        ],
        "pMMCS-t2-c10": [
            14.885485172271729,
            14.890291929244995,
            15.22964096069336
        ],
        "pMMCS-t2-c5": [
            6.291989088058472,
            6.3203840255737305,
            6.346269130706787
        ],
        "pMMCS-t2-c7": [
            10.620459079742432,
            10.83237099647522,
            10.244132041931152
        ],
        "pMMCS-t4": [
            17.223212003707886,
            14.979411125183105,
            15.183969974517822
        ],
        "pMMCS-t4-c10": [
            16.04433298110962,
            16.93731713294983,
            17.861116886138916
        ],
        "pMMCS-t4-c5": [
            6.557893991470337,
            6.305185794830322,
            7.128775119781494
        ],
        "pMMCS-t4-c7": [
            11.124330043792725,
            10.608192920684814,
            10.709671974182129
        ],
        "pMMCS-t6": [
            14.998638153076172,
            14.73482608795166,
            16.527994871139526
        ],
        "pMMCS-t6-c10": [
            16.250685930252075,
            15.47390604019165,
            14.904541969299316
        ],
        "pMMCS-t6-c5": [
            6.6348090171813965,
            6.261052846908569,
            6.983891010284424
        ],
        "pMMCS-t6-c7": [
            11.209074020385742,
            10.633036136627197,
            11.056102991104126
        ],
        "pMMCS-t8": [
            16.447811126708984,
            16.052356958389282,
            16.359833002090454
        ],
        "pMMCS-t8-c10": [
            14.421724081039429,
            14.763185024261475,
            16.72794198989868
        ],
        "pMMCS-t8-c5": [
            6.409938097000122,
            6.434904098510742,
            6.222892999649048
        ],
        "pMMCS-t8-c7": [
            11.154054164886475,
            10.504457950592041,
            11.577862977981567
        ],
        "pRS": [
            46.810564041137695,
            47.49392914772034,
            46.2649929523468
        ],
        "pRS-c10": [
            46.68044590950012,
            45.4539589881897,
            46.23722696304321
        ],
        "pRS-c5": [
            9.15290093421936,
            9.247169971466064,
            9.201940059661865
        ],
        "pRS-c7": [
            24.61186695098877,
            24.840312004089355,
            24.806337118148804
        ],
        "pRS-t12": [
            28.549472093582153,
            29.421297073364258,
            28.501446962356567
        ],
        "pRS-t12-c10": [
            24.526721000671387,
            27.807281970977783,
            28.65592098236084
        ],
        "pRS-t12-c5": [
            7.127247095108032,
            7.1701860427856445,
            7.202069044113159
        ],
        "pRS-t12-c7": [
            13.440467119216919,
            16.24027109146118,
            16.542650938034058
        ],
        "pRS-t16": [
            30.04419994354248,
            31.173038005828857,
            29.2550151348114
        ],
        "pRS-t16-c10": [
            31.54110598564148,
            33.440398931503296,
            31.656727075576782
        ],
        "pRS-t16-c5": [
            8.081019878387451,
            7.362405061721802,
            7.605780839920044
        ],
        "pRS-t16-c7": [
            15.547427892684937,
            17.720913887023926,
            17.46990704536438
        ],
        "pRS-t2": [
            29.76815390586853,
            32.33652400970459,
            27.49030303955078
        ],
        "pRS-t2-c10": [
            27.950421810150146,
            30.887859106063843,
            31.0921049118042
        ],
        "pRS-t2-c5": [
            8.059480905532837,
            8.256871223449707,
            8.35003399848938
        ],
        "pRS-t2-c7": [
            20.475510835647583,
            19.19342303276062,
            20.057875871658325
        ],
        "pRS-t4": [
            29.189323902130127,
            28.6559419631958,
            32.411595821380615
        ],
        "pRS-t4-c10": [
            26.742430925369263,
            28.783442974090576,
            29.35657501220703
        ],
        "pRS-t4-c5": [
            8.186206102371216,
            8.237863063812256,
            8.343220949172974
        ],
        "pRS-t4-c7": [
            18.46822190284729,
            15.669728994369507,
            16.473490953445435
        ],
        "pRS-t6": [
            28.418043851852417,
            25.170107126235962,
            30.798550844192505
        ],
        "pRS-t6-c10": [
            25.335937976837158,
            27.098855018615723,
            27.412441968917847
        ],
        "pRS-t6-c5": [
            7.290018081665039,
            7.1715779304504395,
            7.4882330894470215
        ],
        "pRS-t6-c7": [
            14.682106018066406,
            17.210281133651733,
            15.518409967422485
        ],
        "pRS-t8": [
            27.912405014038086,
            27.77250099182129,
            24.524412155151367
        ],
        "pRS-t8-c10": [
            25.375445127487183,
            25.51440405845642,
            27.36509919166565
        ],
        "pRS-t8-c5": [
            7.337779998779297,
            7.5368101596832275,
            7.3173840045928955
        ],
        "pRS-t8-c7": [
            15.93601679801941,
            15.953893899917603,
            14.801204204559326
        ],
        "partran": [
            Infinity,
            Infinity,
            Infinity
        ],
        "partran-t12": [
            Infinity,
            Infinity,
            Infinity
        ],
        "partran-t16": [
            Infinity,
            Infinity,
            Infinity
        ],
        "partran-t2": [
            Infinity,
            Infinity,
            Infinity
        ],
        "partran-t4": [
            Infinity,
            Infinity,
            Infinity
        ],
        "partran-t6": [
            Infinity,
            Infinity,
            Infinity
        ],
        "partran-t8": [
            Infinity,
            Infinity,
            Infinity
        ],
        "primdecomp": [
            Infinity
        ],
        "rs": [
            19.78559899330139,
            20.948530197143555,
            19.835965871810913
        ],
        "staccato": [
            Infinity,
            Infinity,
            Infinity
        ],
        "staccato-c10": [
            Infinity,
            Infinity,
            Infinity
        ],
        "staccato-c5": [
            Infinity,
            Infinity,
            Infinity
        ],
        "staccato-c7": [
            Infinity,
            Infinity,
            Infinity
        ]
    },
    "timeout_secs": 3600,
    "transversal_counts": {
        "bmr": [
            185218,
            185218,
            185218
        ],
        "dl": [
            185218,
            185218,
            185218
        ],
        "hbc": [
            185217,
            185217,
            185217
        ],
        "ks": [
            255,
            255,
            255
        ],
        "mmcs": [
            185218,
            185218,
            185218
        ],
        "pMMCS": [
            185218,
            185218,
            185218
        ],
        "pMMCS-c10": [
            176757,
            176757,
            176757
        ],
        "pMMCS-c5": [
            30010,
            30010,
            30010
        ],
        "pMMCS-c7": [
            97251,
            97251,
            97251
        ],
        "pMMCS-t12": [
            185218,
            185218,
            185218
        ],
        "pMMCS-t12-c10": [
            176757,
            176757,
            176757
        ],
        "pMMCS-t12-c5": [
            30010,
            30010,
            30010
        ],
        "pMMCS-t12-c7": [
            97251,
            97251,
            97251
        ],
        "pMMCS-t16": [
            185218,
            185218,
            185218
        ],
        "pMMCS-t16-c10": [
            176757,
            176757,
            176757
        ],
        "pMMCS-t16-c5": [
            30010,
            30010,
            30010
        ],
        "pMMCS-t16-c7": [
            97251,
            97251,
            97251
        ],
        "pMMCS-t2": [
            185218,
            185218,
            185218
        ],
        "pMMCS-t2-c10": [
            176757,
            176757,
            176757
        ],
        "pMMCS-t2-c5": [
            30010,
            30010,
            30010
        ],
        "pMMCS-t2-c7": [
            97251,
            97251,
            97251
        ],
        "pMMCS-t4": [
            185218,
            185218,
            185218
        ],
        "pMMCS-t4-c10": [
            176757,
            176757,
            176757
        ],
        "pMMCS-t4-c5": [
            30010,
            30010,
            30010
        ],
        "pMMCS-t4-c7": [
            97251,
            97251,
            97251
        ],
        "pMMCS-t6": [
            185218,
            185218,
            185218
        ],
        "pMMCS-t6-c10": [
            176757,
            176757,
            176757
        ],
        "pMMCS-t6-c5": [
            30010,
            30010,
            30010
        ],
        "pMMCS-t6-c7": [
            97251,
            97251,
            97251
        ],
        "pMMCS-t8": [
            185218,
            185218,
            185218
        ],
        "pMMCS-t8-c10": [
            176757,
            176757,
            176757
        ],
        "pMMCS-t8-c5": [
            30010,
            30010,
            30010
        ],
        "pMMCS-t8-c7": [
            97251,
            97251,
            97251
        ],
        "pRS": [
            185218,
            185218,
            185218
        ],
        "pRS-c10": [
            176757,
            176757,
            176757
        ],
        "pRS-c5": [
            30010,
            30010,
            30010
        ],
        "pRS-c7": [
            97251,
            97251,
            97251
        ],
        "pRS-t12": [
            185218,
            185218,
            185218
        ],
        "pRS-t12-c10": [
            176757,
            176757,
            176757
        ],
        "pRS-t12-c5": [
            30010,
            30010,
            30010
        ],
        "pRS-t12-c7": [
            97251,
            97251,
            97251
        ],
        "pRS-t16": [
            185218,
            185218,
            185218
        ],
        "pRS-t16-c10": [
            176757,
            176757,
            176757
        ],
        "pRS-t16-c5": [
            30010,
            30010,
            30010
        ],
        "pRS-t16-c7": [
            97251,
            97251,
            97251
        ],
        "pRS-t2": [
            185218,
            185218,
            185218
        ],
        "pRS-t2-c10": [
            176757,
            176757,
            176757
        ],
        "pRS-t2-c5": [
            30010,
            30010,
            30010
        ],
        "pRS-t2-c7": [
            97251,
            97251,
            97251
        ],
        "pRS-t4": [
            185218,
            185218,
            185218
        ],
        "pRS-t4-c10": [
            176757,
            176757,
            176757
        ],
        "pRS-t4-c5": [
            30010,
            30010,
            30010
        ],
        "pRS-t4-c7": [
            97251,
            97251,
            97251
        ],
        "pRS-t6": [
            185218,
            185218,
            185218
        ],
        "pRS-t6-c10": [
            176757,
            176757,
            176757
        ],
        "pRS-t6-c5": [
            30010,
            30010,
            30010
        ],
        "pRS-t6-c7": [
            97251,
            97251,
            97251
        ],
        "pRS-t8": [
            185218,
            185218,
            185218
        ],
        "pRS-t8-c10": [
            176757,
            176757,
            176757
        ],
        "pRS-t8-c5": [
            30010,
            30010,
            30010
        ],
        "pRS-t8-c7": [
            97251,
            97251,
            97251
        ],
        "rs": [
            185218,
            185218,
            185218
        ]
    }
}