{
    "algs": [
        {
            "algName": "primdecomp",
            "containerName": "compsysmed/primdecomp"
        },
        {
            "algName": "htcbdd",
            "config": {
                "MODE": "toda"
            },
            "containerName": "compsysmed/htcbdd"
        },
        {
            "algName": "knuth",
            "config": {
                "MODE": "knuth"
            },
            "containerName": "compsysmed/htcbdd"
        },
        {
            "algName": "bmr",
            "containerName": "compsysmed/bmr"
        },
        {
            "algName": "dl",
            "containerName": "compsysmed/dl"
        },
        {
            "algName": "fka.begk",
            "containerName": "compsysmed/fka-begk"
        },
        {
            "algName": "hbc",
            "containerName": "compsysmed/hbc"
        },
        {
            "algName": "ks",
            "containerName": "compsysmed/ks"
        },
        {
            "algName": "mhs2",
            "containerName": "compsysmed/mhs2",
            "cutoff": true,
            "slow": true,
            "threads": true
        },
        {
            "algName": "mmcs",
            "config": {
                "MODE": "mmcs"
            },
            "containerName": "compsysmed/shd"
        },
        {
            "algName": "rs",
            "config": {
                "MODE": "rs"
            },
            "containerName": "compsysmed/shd"
        },
        {
            "algName": "bool.iterative",
            "config": {
                "ALGORITHM_NAME": "bool-iterative"
            },
            "containerName": "compsysmed/pymbd",
            "cutoff": true
        },
        {
            "algName": "hst",
            "config": {
                "ALGORITHM_NAME": "hst"
            },
            "containerName": "compsysmed/pymbd",
            "cutoff": true,
            "slow": true
        },
        {
            "algName": "hsdag",
            "config": {
                "ALGORITHM_NAME": "hsdag"
            },
            "containerName": "compsysmed/pymbd",
            "cutoff": true,
            "slow": true
        },
        {
            "algName": "staccato",
            "config": {
                "ALGORITHM_NAME": "staccato"
            },
            "containerName": "compsysmed/pymbd",
            "cutoff": true,
            "slow": true
        },
        {
            "algName": "pMMCS",
            "config": {
                "ALGORITHM": "pmmcs"
            },
            "containerName": "compsysmed/agdmhs",
            "cutoff": true,
            "threads": true
        },
        {
            "algName": "pRS",
            "config": {
                "ALGORITHM": "prs"
            },
            "containerName": "compsysmed/agdmhs",
            "cutoff": true,
            "threads": true
        },
        {
            "algName": "berge",
            "config": {
                "ALGORITHM": "berge"
            },
            "containerName": "compsysmed/agdmhs",
            "cutoff": true,
            "slow": true
        },
        {
            "algName": "bm",
            "config": {
                "ALGORITHM": "bm"
            },
            "containerName": "compsysmed/agdmhs",
            "threads": true
        },
        {
            "algName": "ocsanaGreedy",
            "containerName": "compsysmed/ocsanaGreedy",
            "cutoff": true
        }
    ],
    "runtimes": {
        "berge": [
            Infinity,
            Infinity,
            Infinity
        ],
        "berge-c10": [
            Infinity,
            Infinity,
            Infinity
        ],
        "berge-c5": [
            2748.2093138694763,
            2739.400292158127,
            2727.8612570762634
        ],
        "berge-c7": [
            Infinity,
            Infinity,
            Infinity
        ],
        "bm": [
            Infinity,
            Infinity,
            Infinity
        ],
        "bm-t12": [
            Infinity,
            Infinity,
            Infinity
        ],
        "bm-t16": [
            Infinity,
            Infinity,
            Infinity
        ],
        "bm-t2": [
            Infinity,
            Infinity,
            Infinity
        ],
        "bm-t4": [
            Infinity,
            Infinity,
            Infinity
        ],
        "bm-t6": [
            Infinity,
            Infinity,
            Infinity
        ],
        "bm-t8": [
            Infinity,
            Infinity,
            Infinity
        ],
        "bmr": [
            1.4146850109100342,
            1.386728048324585,
            1.3997290134429932
        ],
        "bool.iterative": [
            111.48758697509766,
            111.29386186599731,
            112.99911689758301
        ],
        "bool.iterative-c10": [
            111.27558302879333,
            111.2832419872284,
            111.37478303909302
        ],
        "bool.iterative-c5": [
            43.585144996643066,
            43.475457191467285,
            43.56735920906067
        ],
        "bool.iterative-c7": [
            95.86371302604675,
            95.8259859085083,
            95.90802192687988
        ],
        "dl": [
            3.061903953552246,
            3.103700876235962,
            3.062124013900757
        ],
        "fka.begk": [
            64.228022813797,
            64.1342658996582,
            65.21946597099304
        ],
        "hbc": [
            0.32134294509887695,
            0.21669697761535645,
            0.32030797004699707
        ],
        "hsdag": [
            2344.984169960022,
            2350.0288779735565,
            2343.522479057312
        ],
        "hsdag-c10": [
            2339.369721889496,
            2102.4681799411774,
            2334.6795978546143
        ],
        "hsdag-c5": [
            245.4713261127472,
            247.23417901992798,
            249.61271405220032
        ],
        "hsdag-c7": [
            2050.9157400131226,
            2064.6218090057373,
            2065.5328290462494
        ],
        "hst": [
            282.7256860733032,
            283.953449010849,
            284.5603652000427
        ],
        "hst-c10": [
            275.0070700645447,
            275.5957429409027,
            277.09051299095154
        ],
        "hst-c5": [
            21.72756004333496,
            21.952266931533813,
            21.901943922042847
        ],
        "hst-c7": [
            126.59092092514038,
            126.3477578163147,
            125.99049997329712
        ],
        "htcbdd": [
            0.5921599864959717,
            0.5949418544769287,
            0.49371814727783203
        ],
        "knuth": [
            0.7314519882202148,
            0.7427980899810791,
            0.7047920227050781
        ],
        "ks": [
            0.1700270175933838,
            0.1651160717010498,
            0.16090607643127441
        ],
        "mhs2": [
            2.697859048843384,
            2.674246072769165,
            2.6594109535217285
        ],
        "mhs2-c10": [
            2.639129161834717,
            2.665191888809204,
            2.6679229736328125
        ],
        "mhs2-c5": [
            2.5544681549072266,
            2.5542590618133545,
            2.579195022583008
        ],
        "mhs2-c7": [
            2.670194149017334,
            2.666877031326294,
            2.632189989089966
        ],
        "mhs2-t12": [
            4.9251298904418945,
            4.482022047042847,
            4.628021955490112
        ],
        "mhs2-t12-c10": [
            4.773463010787964,
            4.7383341789245605,
            4.460777044296265
        ],
        "mhs2-t12-c5": [
            4.505320072174072,
            4.377434015274048,
            4.507898807525635
        ],
        "mhs2-t12-c7": [
            4.266149997711182,
            4.599161148071289,
            4.652446985244751
        ],
        "mhs2-t16": [
            5.27505898475647,
            5.26849889755249,
            5.2397401332855225
        ],
        "mhs2-t16-c10": [
            5.360681056976318,
            5.329893112182617,
            5.3178911209106445
        ],
        "mhs2-t16-c5": [
            5.3608009815216064,
            5.258861064910889,
            5.2257139682769775
        ],
        "mhs2-t16-c7": [
            5.3150269985198975,
            5.29208517074585,
            5.387296915054321
        ],
        "mhs2-t2": [
            2.683151960372925,
            2.6959781646728516,
            2.696178913116455
        ],
        "mhs2-t2-c10": [
            2.647313117980957,
            2.700083017349243,
            2.7498011589050293
        ],
        "mhs2-t2-c5": [
            2.689000129699707,
            2.608658790588379,
            2.6342480182647705
        ],
        "mhs2-t2-c7": [
            2.7349750995635986,
            2.6977081298828125,
            2.762269973754883
        ],
        "mhs2-t4": [
            2.751361131668091,
            2.7884790897369385,
            2.782363176345825
        ],
        "mhs2-t4-c10": [
            2.894975185394287,
            2.813894033432007,
            2.8580150604248047
        ],
        "mhs2-t4-c5": [
            2.7273659706115723,
            2.681312084197998,
            2.7062571048736572
        ],
        "mhs2-t4-c7": [
            2.7608330249786377,
            2.749567985534668,
            2.787785053253174
        ],
        "mhs2-t6": [
            2.8413398265838623,
            2.855476140975952,
            2.847825050354004
        ],
        "mhs2-t6-c10": [
            2.832986831665039,
            2.840627908706665,
            2.778986930847168
        ],
        "mhs2-t6-c5": [
            2.9040729999542236,
            3.1053709983825684,
            2.7981138229370117
        ],
        "mhs2-t6-c7": [
            2.838315963745117,
            2.8076040744781494,
            2.8337490558624268
        ],
        "mhs2-t8": [
            3.0404160022735596,
            2.9293320178985596,
            2.9541499614715576
        ],
        "mhs2-t8-c10": [
            2.8397672176361084,
            3.083454132080078,
            3.8648321628570557
        ],
        "mhs2-t8-c5": [
            3.360919952392578,
            3.4133338928222656,
            2.9037280082702637
        ],
        "mhs2-t8-c7": [
            2.911375045776367,
            2.865454912185669,
            3.4159018993377686
        ],
        "mmcs": [
            0.23092389106750488,
            0.22943496704101562,
            0.23549699783325195
        ],
        "ocsanaGreedy": [
            Infinity,
            Infinity,
            Infinity
        ],
        "ocsanaGreedy-c10": [
            Infinity,
            Infinity,
            Infinity
        ],
        "ocsanaGreedy-c5": [
            44.82813620567322,
            44.603386878967285,
            44.946321964263916
        ],
        "ocsanaGreedy-c7": [
            1168.9692800045013,
            1208.3245298862457,
            1167.3093531131744
        ],
        "pMMCS": [
            0.21667003631591797,
            0.2237110137939453,
            0.22422504425048828
        ],
        "pMMCS-c10": [
            0.222703218460083,
            0.21868085861206055,
            0.2192821502685547
        ],
        "pMMCS-c5": [
            0.20021700859069824,
            0.19780611991882324,
            0.19906997680664062
        ],
        "pMMCS-c7": [
            0.228895902633667,
            0.2166280746459961,
            0.21527791023254395
        ],
        "pMMCS-t12": [
            0.2457258701324463,
            0.2767808437347412,
            0.2691488265991211
        ],
        "pMMCS-t12-c10": [
            0.27191901206970215,
            0.2562859058380127,
            0.2626619338989258
        ],
        "pMMCS-t12-c5": [
            0.2279059886932373,
            0.23029208183288574,
            0.234511137008667
        ],
        "pMMCS-t12-c7": [
            0.25359582901000977,
            0.2663440704345703,
            0.21822595596313477
        ],
        "pMMCS-t16": [
            0.27419400215148926,
            0.2877171039581299,
            0.2882091999053955
        ],
        "pMMCS-t16-c10": [
            0.30173492431640625,
            0.28051209449768066,
            0.2653820514678955
        ],
        "pMMCS-t16-c5": [
            0.22135710716247559,
            0.26811695098876953,
            0.26703310012817383
        ],
        "pMMCS-t16-c7": [
            0.29525208473205566,
            0.32571983337402344,
            0.2589759826660156
        ],
        "pMMCS-t2": [
            0.23534488677978516,
            0.227586030960083,
            0.21359705924987793
        ],
        "pMMCS-t2-c10": [
            0.21974921226501465,
            0.2288520336151123,
            0.2378559112548828
        ],
        "pMMCS-t2-c5": [
            0.2059950828552246,
            0.2095630168914795,
            0.2129960060119629
        ],
        "pMMCS-t2-c7": [
            0.21950984001159668,
            0.23750090599060059,
            0.22391605377197266
        ],
        "pMMCS-t4": [
            0.2371361255645752,
            0.23895502090454102,
            0.2410109043121338
        ],
        "pMMCS-t4-c10": [
            0.23454785346984863,
            0.22272396087646484,
            0.24819707870483398
        ],
        "pMMCS-t4-c5": [
            0.2009880542755127,
            0.23245501518249512,
            0.21505403518676758
        ],
        "pMMCS-t4-c7": [
            0.2565648555755615,
            0.21442794799804688,
            0.2239990234375
        ],
        "pMMCS-t6": [
            0.24693799018859863,
            0.2440199851989746,
            0.25820112228393555
        ],
        "pMMCS-t6-c10": [
            0.2284839153289795,
            0.25241899490356445,
            0.23773694038391113
        ],
        "pMMCS-t6-c5": [
            0.22427797317504883,
            0.2425529956817627,
            0.22999906539916992
        ],
        "pMMCS-t6-c7": [
            0.2576432228088379,
            0.25543212890625,
            0.2409060001373291
        ],
        "pMMCS-t8": [
            0.25737500190734863,
            0.24504399299621582,
            0.2542598247528076
        ],
        "pMMCS-t8-c10": [
            0.25280213356018066,
            0.2302100658416748,
            0.25133609771728516
        ],
        "pMMCS-t8-c5": [
            0.20576095581054688,
            0.22114086151123047,
            0.23928213119506836
        ],
        "pMMCS-t8-c7": [
            0.25982213020324707,
            0.23091816902160645,
            0.24362492561340332
        ],
        "pRS": [
            0.26682496070861816,
            0.24137187004089355,
            0.2640390396118164
        ],
        "pRS-c10": [
            0.2537698745727539,
            0.2634148597717285,
            0.26263904571533203
        ],
        "pRS-c5": [
            0.21566486358642578,
            0.22537493705749512,
            0.23089599609375
        ],
        "pRS-c7": [
            0.2617020606994629,
            0.26560401916503906,
            0.24686098098754883
        ],
        "pRS-t12": [
            0.2766001224517822,
            0.2595479488372803,
            0.2859840393066406
        ],
        "pRS-t12-c10": [
            0.2669081687927246,
            0.28584790229797363,
            0.26024413108825684
        ],
        "pRS-t12-c5": [
            0.21961092948913574,
            0.25412702560424805,
            0.2393789291381836
        ],
        "pRS-t12-c7": [
            0.25858497619628906,
            0.31956005096435547,
            0.2633190155029297
        ],
        "pRS-t16": [
            0.2971189022064209,
            0.27976298332214355,
            0.27591586112976074
        ],
        "pRS-t16-c10": [
            0.28472304344177246,
            0.27829694747924805,
            0.28217196464538574
        ],
        "pRS-t16-c5": [
            0.2570929527282715,
            0.2741880416870117,
            0.25742506980895996
        ],
        "pRS-t16-c7": [
            0.267333984375,
            0.3050200939178467,
            0.2728569507598877
        ],
        "pRS-t2": [
            0.25141215324401855,
            0.26206398010253906,
            0.25051403045654297
        ],
        "pRS-t2-c10": [
            0.2637341022491455,
            0.25232791900634766,
            0.24441194534301758
        ],
        "pRS-t2-c5": [
            0.22158408164978027,
            0.22309398651123047,
            0.2170579433441162
        ],
        "pRS-t2-c7": [
            0.2533559799194336,
            0.24739408493041992,
            0.24732613563537598
        ],
        "pRS-t4": [
            0.24842405319213867,
            0.2626008987426758,
            0.25626206398010254
        ],
        "pRS-t4-c10": [
            0.24852991104125977,
            0.2623329162597656,
            0.22859787940979004
        ],
        "pRS-t4-c5": [
            0.21143698692321777,
            0.2131338119506836,
            0.21018695831298828
        ],
        "pRS-t4-c7": [
            0.24825286865234375,
            0.2499861717224121,
            0.2393968105316162
        ],
        "pRS-t6": [
            0.25479698181152344,
            0.24573707580566406,
            0.27130794525146484
        ],
        "pRS-t6-c10": [
            0.24088501930236816,
            0.2523989677429199,
            0.24264001846313477
        ],
        "pRS-t6-c5": [
            0.21520686149597168,
            0.22072291374206543,
            0.2216641902923584
        ],
        "pRS-t6-c7": [
            0.2512941360473633,
            0.27290892601013184,
            0.2629508972167969
        ],
        "pRS-t8": [
            0.2196030616760254,
            0.2530810832977295,
            0.25721287727355957
        ],
        "pRS-t8-c10": [
            0.2647120952606201,
            0.2590670585632324,
            0.25438785552978516
        ],
        "pRS-t8-c5": [
            0.23950505256652832,
            0.22542619705200195,
            0.2399280071258545
        ],
        "pRS-t8-c7": [
            0.2443528175354004,
            0.2708408832550049,
            0.2570180892944336
        ],
        "primdecomp": [
            272.8489649295807,
            272.56669211387634,
            272.63094902038574
        ],
        "rs": [
            0.23080086708068848,
            0.22310900688171387,
            0.22990989685058594
        ],
        "staccato": [
            Infinity,
            Infinity,
            Infinity
        ],
        "staccato-c10": [
            Infinity,
            Infinity,
            Infinity
        ],
        "staccato-c5": [
            Infinity,
            Infinity,
            Infinity
        ],
        "staccato-c7": [
            Infinity,
            Infinity,
            Infinity
        ]
    },
    "timeout_secs": 3600,
    "transversal_counts": {
        "primdecomp": [
            7617,
            7617,
            7617
        ]
    }
}