{
    "algs": [
        {
            "algName": "primdecomp",
            "containerName": "compsysmed/primdecomp"
        },
        {
            "algName": "htcbdd",
            "config": {
                "MODE": "toda"
            },
            "containerName": "compsysmed/htcbdd"
        },
        {
            "algName": "knuth",
            "config": {
                "MODE": "knuth"
            },
            "containerName": "compsysmed/htcbdd"
        },
        {
            "algName": "bmr",
            "containerName": "compsysmed/bmr"
        },
        {
            "algName": "dl",
            "containerName": "compsysmed/dl"
        },
        {
            "algName": "fka.begk",
            "containerName": "compsysmed/fka-begk"
        },
        {
            "algName": "hbc",
            "containerName": "compsysmed/hbc"
        },
        {
            "algName": "ks",
            "containerName": "compsysmed/ks"
        },
        {
            "algName": "mhs2",
            "containerName": "compsysmed/mhs2",
            "cutoff": true,
            "slow": true,
            "threads": true
        },
        {
            "algName": "mmcs",
            "config": {
                "MODE": "mmcs"
            },
            "containerName": "compsysmed/shd"
        },
        {
            "algName": "rs",
            "config": {
                "MODE": "rs"
            },
            "containerName": "compsysmed/shd"
        },
        {
            "algName": "bool.iterative",
            "config": {
                "ALGORITHM_NAME": "bool-iterative"
            },
            "containerName": "compsysmed/pymbd",
            "cutoff": true
        },
        {
            "algName": "hst",
            "config": {
                "ALGORITHM_NAME": "hst"
            },
            "containerName": "compsysmed/pymbd",
            "cutoff": true,
            "slow": true
        },
        {
            "algName": "hsdag",
            "config": {
                "ALGORITHM_NAME": "hsdag"
            },
            "containerName": "compsysmed/pymbd",
            "cutoff": true,
            "slow": true
        },
        {
            "algName": "staccato",
            "config": {
                "ALGORITHM_NAME": "staccato"
            },
            "containerName": "compsysmed/pymbd",
            "cutoff": true,
            "slow": true
        },
        {
            "algName": "pMMCS",
            "config": {
                "ALGORITHM": "pmmcs"
            },
            "containerName": "compsysmed/agdmhs",
            "cutoff": true,
            "threads": true
        },
        {
            "algName": "pRS",
            "config": {
                "ALGORITHM": "prs"
            },
            "containerName": "compsysmed/agdmhs",
            "cutoff": true,
            "threads": true
        },
        {
            "algName": "berge",
            "config": {
                "ALGORITHM": "berge"
            },
            "containerName": "compsysmed/agdmhs",
            "cutoff": true,
            "slow": true
        },
        {
            "algName": "bm",
            "config": {
                "ALGORITHM": "bm"
            },
            "containerName": "compsysmed/agdmhs",
            "threads": true
        },
        {
            "algName": "ocsanaGreedy",
            "containerName": "compsysmed/ocsanaGreedy",
            "cutoff": true
        }
    ],
    "runtimes": {
        "berge": [
            Infinity,
            Infinity,
            Infinity
        ],
        "berge-c10": [
            Infinity,
            Infinity,
            Infinity
        ],
        "berge-c5": [
            Infinity,
            Infinity,
            Infinity
        ],
        "berge-c7": [
            Infinity,
            Infinity,
            Infinity
        ],
        "bm": [
            Infinity,
            Infinity,
            Infinity
        ],
        "bm-t12": [
            Infinity,
            Infinity,
            Infinity
        ],
        "bm-t16": [
            Infinity,
            Infinity,
            Infinity
        ],
        "bm-t2": [
            Infinity,
            Infinity,
            Infinity
        ],
        "bm-t4": [
            Infinity,
            Infinity,
            Infinity
        ],
        "bm-t6": [
            Infinity,
            Infinity,
            Infinity
        ],
        "bm-t8": [
            Infinity,
            Infinity,
            Infinity
        ],
        "bmr": [
            3.677504062652588,
            3.4162750244140625,
            3.436000108718872
        ],
        "bool.iterative": [
            492.0168390274048,
            494.8259119987488,
            493.7154929637909
        ],
        "bool.iterative-c10": [
            489.1853709220886,
            489.3573889732361,
            489.517529964447
        ],
        "bool.iterative-c5": [
            111.03769516944885,
            110.9507520198822,
            110.98853397369385
        ],
        "bool.iterative-c7": [
            334.2154269218445,
            334.6732659339905,
            335.106018781662
        ],
        "dl": [
            17.376708030700684,
            17.57054114341736,
            17.34981894493103
        ],
        "fka.begk": [
            321.5974118709564,
            322.03826999664307,
            321.27041721343994
        ],
        "hbc": [
            0.9604249000549316,
            0.9341549873352051,
            0.9351730346679688
        ],
        "hsdag": [
            Infinity,
            Infinity,
            Infinity
        ],
        "hsdag-c10": [
            Infinity,
            Infinity,
            Infinity
        ],
        "hsdag-c5": [
            853.0158879756927,
            1020.5623099803925,
            1022.1498920917511
        ],
        "hsdag-c7": [
            Infinity,
            Infinity,
            Infinity
        ],
        "hst": [
            1894.6529078483582,
            1833.2120308876038,
            1855.8345091342926
        ],
        "hst-c10": [
            1765.8742878437042,
            1771.0072531700134,
            1775.0740010738373
        ],
        "hst-c5": [
            95.84331011772156,
            94.2902250289917,
            95.5998330116272
        ],
        "hst-c7": [
            590.384644985199,
            599.9441208839417,
            594.2085230350494
        ],
        "htcbdd": [
            0.7887179851531982,
            0.8584320545196533,
            0.8274431228637695
        ],
        "knuth": [
            1.34437894821167,
            1.3104629516601562,
            1.3509960174560547
        ],
        "ks": [
            0.34980010986328125,
            0.3895578384399414,
            0.3880801200866699
        ],
        "mhs2": [
            14.785154104232788,
            14.722912788391113,
            14.504444122314453
        ],
        "mhs2-c10": [
            15.098034858703613,
            14.764200210571289,
            14.834563970565796
        ],
        "mhs2-c5": [
            13.978508949279785,
            13.989346981048584,
            13.977276086807251
        ],
        "mhs2-c7": [
            14.632170915603638,
            14.673182964324951,
            14.725779056549072
        ],
        "mhs2-t12": [
            25.39975595474243,
            26.384236097335815,
            26.356878995895386
        ],
        "mhs2-t12-c10": [
            25.202261924743652,
            25.607638835906982,
            25.07321310043335
        ],
        "mhs2-t12-c5": [
            25.269108057022095,
            24.681090116500854,
            25.265470027923584
        ],
        "mhs2-t12-c7": [
            25.14052104949951,
            25.32759189605713,
            24.67928194999695
        ],
        "mhs2-t16": [
            31.51154613494873,
            31.672415018081665,
            31.63237500190735
        ],
        "mhs2-t16-c10": [
            31.736701011657715,
            31.60610294342041,
            31.616333961486816
        ],
        "mhs2-t16-c5": [
            31.37599492073059,
            31.33721089363098,
            31.494510889053345
        ],
        "mhs2-t16-c7": [
            31.52962303161621,
            31.652120113372803,
            31.59771990776062
        ],
        "mhs2-t2": [
            14.480074882507324,
            14.708760976791382,
            14.552873134613037
        ],
        "mhs2-t2-c10": [
            15.047226905822754,
            14.674181938171387,
            14.75536584854126
        ],
        "mhs2-t2-c5": [
            14.139631986618042,
            14.274013042449951,
            14.590330839157104
        ],
        "mhs2-t2-c7": [
            14.823951959609985,
            14.968982934951782,
            14.55371904373169
        ],
        "mhs2-t4": [
            15.27243185043335,
            15.329895973205566,
            15.52640700340271
        ],
        "mhs2-t4-c10": [
            15.478592872619629,
            15.499531030654907,
            15.338233947753906
        ],
        "mhs2-t4-c5": [
            15.078243017196655,
            15.078355073928833,
            15.336096048355103
        ],
        "mhs2-t4-c7": [
            15.247093915939331,
            15.235497951507568,
            15.232468128204346
        ],
        "mhs2-t6": [
            15.895334959030151,
            16.01451301574707,
            16.063535928726196
        ],
        "mhs2-t6-c10": [
            16.070870876312256,
            15.992568969726562,
            16.027239084243774
        ],
        "mhs2-t6-c5": [
            15.838276863098145,
            16.039644956588745,
            15.755950927734375
        ],
        "mhs2-t6-c7": [
            15.864217042922974,
            15.991077899932861,
            15.893078804016113
        ],
        "mhs2-t8": [
            17.69444990158081,
            17.47115206718445,
            16.22241997718811
        ],
        "mhs2-t8-c10": [
            17.815903902053833,
            16.4681179523468,
            16.713351011276245
        ],
        "mhs2-t8-c5": [
            16.214177131652832,
            18.04330086708069,
            16.99480104446411
        ],
        "mhs2-t8-c7": [
            17.06916618347168,
            17.042431116104126,
            17.312989234924316
        ],
        "mmcs": [
            0.6646349430084229,
            0.6656420230865479,
            0.6510090827941895
        ],
        "ocsanaGreedy": [
            Infinity,
            Infinity,
            Infinity
        ],
        "ocsanaGreedy-c10": [
            Infinity,
            Infinity,
            Infinity
        ],
        "ocsanaGreedy-c5": [
            193.85835099220276,
            190.77537417411804,
            191.29901003837585
        ],
        "ocsanaGreedy-c7": [
            Infinity,
            Infinity,
            Infinity
        ],
        "pMMCS": [
            0.554771900177002,
            0.5594019889831543,
            0.5588040351867676
        ],
        "pMMCS-c10": [
            0.5607049465179443,
            0.5585281848907471,
            0.5638070106506348
        ],
        "pMMCS-c5": [
            0.45017290115356445,
            0.4530029296875,
            0.4584980010986328
        ],
        "pMMCS-c7": [
            0.5332388877868652,
            0.5399289131164551,
            0.41243481636047363
        ],
        "pMMCS-t12": [
            0.6058859825134277,
            0.6096699237823486,
            0.5749211311340332
        ],
        "pMMCS-t12-c10": [
            0.5943219661712646,
            0.6568028926849365,
            0.6937119960784912
        ],
        "pMMCS-t12-c5": [
            0.49651122093200684,
            0.5490350723266602,
            0.5023789405822754
        ],
        "pMMCS-t12-c7": [
            0.6206128597259521,
            0.5220990180969238,
            0.5552060604095459
        ],
        "pMMCS-t16": [
            0.6521499156951904,
            0.6251089572906494,
            0.6622869968414307
        ],
        "pMMCS-t16-c10": [
            0.6558001041412354,
            0.6977498531341553,
            0.607105016708374
        ],
        "pMMCS-t16-c5": [
            0.48641300201416016,
            0.5403518676757812,
            0.5746080875396729
        ],
        "pMMCS-t16-c7": [
            0.5684709548950195,
            0.5923831462860107,
            0.626183032989502
        ],
        "pMMCS-t2": [
            0.5581738948822021,
            0.5705010890960693,
            0.5760331153869629
        ],
        "pMMCS-t2-c10": [
            0.5444869995117188,
            0.5363709926605225,
            0.5680890083312988
        ],
        "pMMCS-t2-c5": [
            0.4677548408508301,
            0.4569060802459717,
            0.47138285636901855
        ],
        "pMMCS-t2-c7": [
            0.5325868129730225,
            0.5080428123474121,
            0.5188660621643066
        ],
        "pMMCS-t4": [
            0.518589973449707,
            0.5576679706573486,
            0.5563170909881592
        ],
        "pMMCS-t4-c10": [
            0.5807981491088867,
            0.5586080551147461,
            0.577307939529419
        ],
        "pMMCS-t4-c5": [
            0.4794919490814209,
            0.45186805725097656,
            0.4581029415130615
        ],
        "pMMCS-t4-c7": [
            0.5857408046722412,
            0.5390059947967529,
            0.4941980838775635
        ],
        "pMMCS-t6": [
            0.5390729904174805,
            0.5709371566772461,
            0.5461010932922363
        ],
        "pMMCS-t6-c10": [
            0.5778501033782959,
            0.5619001388549805,
            0.5793778896331787
        ],
        "pMMCS-t6-c5": [
            0.4625709056854248,
            0.4790370464324951,
            0.4973270893096924
        ],
        "pMMCS-t6-c7": [
            0.5837221145629883,
            0.5235428810119629,
            0.4902369976043701
        ],
        "pMMCS-t8": [
            0.5812520980834961,
            0.5622110366821289,
            0.5585260391235352
        ],
        "pMMCS-t8-c10": [
            0.5739710330963135,
            0.5861210823059082,
            0.5194809436798096
        ],
        "pMMCS-t8-c5": [
            0.46845293045043945,
            0.4621739387512207,
            0.47522592544555664
        ],
        "pMMCS-t8-c7": [
            0.5571599006652832,
            0.5404109954833984,
            0.5544359683990479
        ],
        "pRS": [
            0.7515201568603516,
            0.754723072052002,
            0.7512600421905518
        ],
        "pRS-c10": [
            0.7507939338684082,
            0.7472071647644043,
            0.7514188289642334
        ],
        "pRS-c5": [
            0.5207951068878174,
            0.520927906036377,
            0.520892858505249
        ],
        "pRS-c7": [
            0.687222957611084,
            0.704617977142334,
            0.701024055480957
        ],
        "pRS-t12": [
            0.6502079963684082,
            0.6190779209136963,
            0.6650338172912598
        ],
        "pRS-t12-c10": [
            0.7123730182647705,
            0.6511669158935547,
            0.612354040145874
        ],
        "pRS-t12-c5": [
            0.5025460720062256,
            0.4873979091644287,
            0.49739789962768555
        ],
        "pRS-t12-c7": [
            0.5958480834960938,
            0.5869250297546387,
            0.6425988674163818
        ],
        "pRS-t16": [
            0.7740349769592285,
            0.6872930526733398,
            0.7657220363616943
        ],
        "pRS-t16-c10": [
            0.7604649066925049,
            0.7602710723876953,
            0.8084850311279297
        ],
        "pRS-t16-c5": [
            0.5617899894714355,
            0.5193729400634766,
            0.5478658676147461
        ],
        "pRS-t16-c7": [
            0.6873819828033447,
            0.7142601013183594,
            0.6838610172271729
        ],
        "pRS-t2": [
            0.6987860202789307,
            0.6688098907470703,
            0.7014961242675781
        ],
        "pRS-t2-c10": [
            0.661470890045166,
            0.7042398452758789,
            0.7098519802093506
        ],
        "pRS-t2-c5": [
            0.5142738819122314,
            0.49968385696411133,
            0.5124759674072266
        ],
        "pRS-t2-c7": [
            0.6613991260528564,
            0.6801888942718506,
            0.6437571048736572
        ],
        "pRS-t4": [
            0.580374002456665,
            0.6480569839477539,
            0.5897550582885742
        ],
        "pRS-t4-c10": [
            0.5992329120635986,
            0.6587851047515869,
            0.6082022190093994
        ],
        "pRS-t4-c5": [
            0.518265962600708,
            0.4668159484863281,
            0.4983189105987549
        ],
        "pRS-t4-c7": [
            0.6160678863525391,
            0.5689859390258789,
            0.6153130531311035
        ],
        "pRS-t6": [
            0.6404409408569336,
            0.6463789939880371,
            0.6268520355224609
        ],
        "pRS-t6-c10": [
            0.647270917892456,
            0.6175010204315186,
            0.6503598690032959
        ],
        "pRS-t6-c5": [
            0.4783918857574463,
            0.49034786224365234,
            0.4865438938140869
        ],
        "pRS-t6-c7": [
            0.6100032329559326,
            0.6046068668365479,
            0.5980370044708252
        ],
        "pRS-t8": [
            0.6414830684661865,
            0.626471996307373,
            0.6723201274871826
        ],
        "pRS-t8-c10": [
            0.5846688747406006,
            0.6322948932647705,
            0.6131839752197266
        ],
        "pRS-t8-c5": [
            0.5026068687438965,
            0.5294270515441895,
            0.49208688735961914
        ],
        "pRS-t8-c7": [
            0.5840508937835693,
            0.6072521209716797,
            0.5870201587677002
        ],
        "primdecomp": [
            886.3352189064026,
            888.3875269889832,
            889.145171880722
        ],
        "rs": [
            0.6530189514160156,
            0.6458630561828613,
            0.6477060317993164
        ],
        "staccato": [
            Infinity,
            Infinity,
            Infinity
        ],
        "staccato-c10": [
            Infinity,
            Infinity,
            Infinity
        ],
        "staccato-c5": [
            Infinity,
            Infinity,
            Infinity
        ],
        "staccato-c7": [
            Infinity,
            Infinity,
            Infinity
        ]
    },
    "timeout_secs": 3600,
    "transversal_counts": {
        "primdecomp": [
            17486,
            17486,
            17486
        ]
    }
}