{
    "algs": [
        {
            "algName": "primdecomp",
            "containerName": "compsysmed/primdecomp"
        },
        {
            "algName": "htcbdd",
            "config": {
                "MODE": "toda"
            },
            "containerName": "compsysmed/htcbdd"
        },
        {
            "algName": "knuth",
            "config": {
                "MODE": "knuth"
            },
            "containerName": "compsysmed/htcbdd"
        },
        {
            "algName": "bmr",
            "containerName": "compsysmed/bmr"
        },
        {
            "algName": "dl",
            "containerName": "compsysmed/dl"
        },
        {
            "algName": "fka.begk",
            "containerName": "compsysmed/fka-begk"
        },
        {
            "algName": "hbc",
            "containerName": "compsysmed/hbc"
        },
        {
            "algName": "ks",
            "containerName": "compsysmed/ks"
        },
        {
            "algName": "mhs2",
            "containerName": "compsysmed/mhs2",
            "cutoff": true,
            "slow": true,
            "threads": true
        },
        {
            "algName": "mmcs",
            "config": {
                "MODE": "mmcs"
            },
            "containerName": "compsysmed/shd"
        },
        {
            "algName": "rs",
            "config": {
                "MODE": "rs"
            },
            "containerName": "compsysmed/shd"
        },
        {
            "algName": "bool.iterative",
            "config": {
                "ALGORITHM_NAME": "bool-iterative"
            },
            "containerName": "compsysmed/pymbd",
            "cutoff": true
        },
        {
            "algName": "hst",
            "config": {
                "ALGORITHM_NAME": "hst"
            },
            "containerName": "compsysmed/pymbd",
            "cutoff": true,
            "slow": true
        },
        {
            "algName": "hsdag",
            "config": {
                "ALGORITHM_NAME": "hsdag"
            },
            "containerName": "compsysmed/pymbd",
            "cutoff": true,
            "slow": true
        },
        {
            "algName": "staccato",
            "config": {
                "ALGORITHM_NAME": "staccato"
            },
            "containerName": "compsysmed/pymbd",
            "cutoff": true,
            "slow": true
        },
        {
            "algName": "pMMCS",
            "config": {
                "ALGORITHM": "pmmcs"
            },
            "containerName": "compsysmed/agdmhs",
            "cutoff": true,
            "threads": true
        },
        {
            "algName": "pRS",
            "config": {
                "ALGORITHM": "prs"
            },
            "containerName": "compsysmed/agdmhs",
            "cutoff": true,
            "threads": true
        },
        {
            "algName": "berge",
            "config": {
                "ALGORITHM": "berge"
            },
            "containerName": "compsysmed/agdmhs",
            "cutoff": true,
            "slow": true
        },
        {
            "algName": "bm",
            "config": {
                "ALGORITHM": "bm"
            },
            "containerName": "compsysmed/agdmhs",
            "threads": true
        },
        {
            "algName": "ocsanaGreedy",
            "containerName": "compsysmed/ocsanaGreedy",
            "cutoff": true
        }
    ],
    "runtimes": {
        "berge": [
            52.710073947906494,
            53.04951620101929,
            52.51164793968201
        ],
        "berge-c10": [
            45.43264889717102,
            45.94127297401428,
            45.04806995391846
        ],
        "berge-c5": [
            18.067103147506714,
            18.171700954437256,
            18.069735050201416
        ],
        "berge-c7": [
            42.06196594238281,
            42.29689812660217,
            42.43750596046448
        ],
        "bm": [
            Infinity,
            Infinity,
            Infinity
        ],
        "bm-t12": [
            Infinity,
            Infinity,
            Infinity
        ],
        "bm-t16": [
            Infinity,
            Infinity,
            Infinity
        ],
        "bm-t2": [
            Infinity,
            Infinity,
            Infinity
        ],
        "bm-t4": [
            Infinity,
            Infinity,
            Infinity
        ],
        "bm-t6": [
            Infinity,
            Infinity,
            Infinity
        ],
        "bm-t8": [
            Infinity,
            Infinity,
            Infinity
        ],
        "bmr": [
            0.1034550666809082,
            0.0973360538482666,
            0.09313702583312988
        ],
        "bool.iterative": [
            1.259126901626587,
            1.210568904876709,
            1.32334303855896
        ],
        "bool.iterative-c10": [
            1.1484408378601074,
            1.181028127670288,
            1.1961290836334229
        ],
        "bool.iterative-c5": [
            0.7975921630859375,
            0.8073971271514893,
            0.7838988304138184
        ],
        "bool.iterative-c7": [
            1.1920599937438965,
            1.264470100402832,
            1.1787488460540771
        ],
        "dl": [
            0.22713494300842285,
            0.2574641704559326,
            0.19121098518371582
        ],
        "fka.begk": [
            2.9148387908935547,
            2.776801824569702,
            2.880232095718384
        ],
        "hbc": [
            0.04434394836425781,
            0.044178009033203125,
            0.04381585121154785
        ],
        "hsdag": [
            11.934961795806885,
            11.74440598487854,
            11.911489009857178
        ],
        "hsdag-c10": [
            12.052742958068848,
            11.897342920303345,
            11.928462028503418
        ],
        "hsdag-c5": [
            5.94472599029541,
            5.847722053527832,
            5.87322211265564
        ],
        "hsdag-c7": [
            11.549275875091553,
            11.47816801071167,
            11.757755994796753
        ],
        "hst": [
            12.62618613243103,
            12.264680862426758,
            12.00586199760437
        ],
        "hst-c10": [
            12.576154947280884,
            12.35263204574585,
            12.756680965423584
        ],
        "hst-c5": [
            2.4379701614379883,
            2.4715631008148193,
            2.4376649856567383
        ],
        "hst-c7": [
            9.07593297958374,
            8.883707046508789,
            8.848904848098755
        ],
        "htcbdd": [
            0.5000932216644287,
            0.458294153213501,
            0.4441850185394287
        ],
        "knuth": [
            0.3621480464935303,
            0.38803982734680176,
            0.3790578842163086
        ],
        "ks": [
            0.8151381015777588,
            0.8016781806945801,
            0.8163530826568604
        ],
        "mhs2": [
            0.12486004829406738,
            0.12045502662658691,
            0.11686396598815918
        ],
        "mhs2-c10": [
            0.12239694595336914,
            0.10245013236999512,
            0.12019896507263184
        ],
        "mhs2-c5": [
            0.11243987083435059,
            0.11687183380126953,
            0.11278319358825684
        ],
        "mhs2-c7": [
            0.12143397331237793,
            0.12933921813964844,
            0.12421298027038574
        ],
        "mhs2-t12": [
            0.17996811866760254,
            0.17467594146728516,
            0.17030596733093262
        ],
        "mhs2-t12-c10": [
            0.17767596244812012,
            0.1838221549987793,
            0.1732800006866455
        ],
        "mhs2-t12-c5": [
            0.1706688404083252,
            0.1811971664428711,
            0.1546618938446045
        ],
        "mhs2-t12-c7": [
            0.18262481689453125,
            0.16442203521728516,
            0.16008496284484863
        ],
        "mhs2-t16": [
            0.21198296546936035,
            0.2000110149383545,
            0.19606399536132812
        ],
        "mhs2-t16-c10": [
            0.17309308052062988,
            0.1830918788909912,
            0.16405701637268066
        ],
        "mhs2-t16-c5": [
            0.1858539581298828,
            0.19686388969421387,
            0.22014307975769043
        ],
        "mhs2-t16-c7": [
            0.20456385612487793,
            0.21836590766906738,
            0.18313002586364746
        ],
        "mhs2-t2": [
            0.12626194953918457,
            0.12581491470336914,
            0.12667107582092285
        ],
        "mhs2-t2-c10": [
            0.1353929042816162,
            0.12891697883605957,
            0.12288093566894531
        ],
        "mhs2-t2-c5": [
            0.11764311790466309,
            0.11859893798828125,
            0.11738181114196777
        ],
        "mhs2-t2-c7": [
            0.13687396049499512,
            0.12927985191345215,
            0.13048195838928223
        ],
        "mhs2-t4": [
            0.11971092224121094,
            0.14007306098937988,
            0.11483407020568848
        ],
        "mhs2-t4-c10": [
            0.1152348518371582,
            0.11934018135070801,
            0.11868691444396973
        ],
        "mhs2-t4-c5": [
            0.11206817626953125,
            0.15265488624572754,
            0.11763310432434082
        ],
        "mhs2-t4-c7": [
            0.10805511474609375,
            0.12227511405944824,
            0.1362628936767578
        ],
        "mhs2-t6": [
            0.1294710636138916,
            0.15296196937561035,
            0.15366911888122559
        ],
        "mhs2-t6-c10": [
            0.1613469123840332,
            0.1561141014099121,
            0.14139103889465332
        ],
        "mhs2-t6-c5": [
            0.1318068504333496,
            0.13150691986083984,
            0.15685796737670898
        ],
        "mhs2-t6-c7": [
            0.1311969757080078,
            0.15564894676208496,
            0.11559915542602539
        ],
        "mhs2-t8": [
            0.15467381477355957,
            0.15488886833190918,
            0.14031100273132324
        ],
        "mhs2-t8-c10": [
            0.1567850112915039,
            0.14104104042053223,
            0.15477991104125977
        ],
        "mhs2-t8-c5": [
            0.15242815017700195,
            0.15947508811950684,
            0.17808079719543457
        ],
        "mhs2-t8-c7": [
            0.15708208084106445,
            0.18691396713256836,
            0.16756200790405273
        ],
        "mmcs": [
            0.021045923233032227,
            0.027472972869873047,
            0.018204927444458008
        ],
        "ocsanaGreedy": [
            227.53380703926086,
            221.9890100955963,
            225.68486785888672
        ],
        "ocsanaGreedy-c10": [
            219.98371601104736,
            211.92852902412415,
            216.02404808998108
        ],
        "ocsanaGreedy-c5": [
            4.744018077850342,
            4.596020936965942,
            4.750664949417114
        ],
        "ocsanaGreedy-c7": [
            81.30256509780884,
            81.75440788269043,
            76.1914451122284
        ],
        "pMMCS": [
            0.026010990142822266,
            0.03473305702209473,
            0.033265113830566406
        ],
        "pMMCS-c10": [
            0.034744977951049805,
            0.038400888442993164,
            0.03582501411437988
        ],
        "pMMCS-c5": [
            0.03217315673828125,
            0.03319287300109863,
            0.03348708152770996
        ],
        "pMMCS-c7": [
            0.029902935028076172,
            0.03257298469543457,
            0.03196215629577637
        ],
        "pMMCS-t12": [
            0.04421091079711914,
            0.04504084587097168,
            0.051447153091430664
        ],
        "pMMCS-t12-c10": [
            0.06095099449157715,
            0.035694122314453125,
            0.048790931701660156
        ],
        "pMMCS-t12-c5": [
            0.032785892486572266,
            0.05289602279663086,
            0.04722404479980469
        ],
        "pMMCS-t12-c7": [
            0.05096101760864258,
            0.04453396797180176,
            0.0493769645690918
        ],
        "pMMCS-t16": [
            0.05357813835144043,
            0.04361104965209961,
            0.05216789245605469
        ],
        "pMMCS-t16-c10": [
            0.055619001388549805,
            0.051844120025634766,
            0.052893877029418945
        ],
        "pMMCS-t16-c5": [
            0.03224587440490723,
            0.045140981674194336,
            0.0740809440612793
        ],
        "pMMCS-t16-c7": [
            0.04859209060668945,
            0.04452991485595703,
            0.04605722427368164
        ],
        "pMMCS-t2": [
            0.03236985206604004,
            0.036779165267944336,
            0.03466987609863281
        ],
        "pMMCS-t2-c10": [
            0.03444409370422363,
            0.03712797164916992,
            0.022613048553466797
        ],
        "pMMCS-t2-c5": [
            0.024995088577270508,
            0.03285098075866699,
            0.031852006912231445
        ],
        "pMMCS-t2-c7": [
            0.05068707466125488,
            0.0266420841217041,
            0.03589606285095215
        ],
        "pMMCS-t4": [
            0.03801703453063965,
            0.03235816955566406,
            0.035696983337402344
        ],
        "pMMCS-t4-c10": [
            0.0342710018157959,
            0.03409719467163086,
            0.03974103927612305
        ],
        "pMMCS-t4-c5": [
            0.03836822509765625,
            0.03302597999572754,
            0.03706502914428711
        ],
        "pMMCS-t4-c7": [
            0.03624296188354492,
            0.03472089767456055,
            0.03849291801452637
        ],
        "pMMCS-t6": [
            0.04082989692687988,
            0.04578399658203125,
            0.0433349609375
        ],
        "pMMCS-t6-c10": [
            0.04325699806213379,
            0.03764605522155762,
            0.03784799575805664
        ],
        "pMMCS-t6-c5": [
            0.03839707374572754,
            0.0407559871673584,
            0.036637067794799805
        ],
        "pMMCS-t6-c7": [
            0.04480385780334473,
            0.03997993469238281,
            0.03605318069458008
        ],
        "pMMCS-t8": [
            0.04311418533325195,
            0.05083298683166504,
            0.04095005989074707
        ],
        "pMMCS-t8-c10": [
            0.04905986785888672,
            0.04445695877075195,
            0.04572415351867676
        ],
        "pMMCS-t8-c5": [
            0.0357670783996582,
            0.04428505897521973,
            0.04743504524230957
        ],
        "pMMCS-t8-c7": [
            0.04316306114196777,
            0.04669809341430664,
            0.036026954650878906
        ],
        "pRS": [
            0.026732206344604492,
            0.04122304916381836,
            0.034739017486572266
        ],
        "pRS-c10": [
            0.041290998458862305,
            0.04141807556152344,
            0.02391219139099121
        ],
        "pRS-c5": [
            0.026257991790771484,
            0.03907299041748047,
            0.03896284103393555
        ],
        "pRS-c7": [
            0.041806936264038086,
            0.03676295280456543,
            0.04244184494018555
        ],
        "pRS-t12": [
            0.04400300979614258,
            0.04166412353515625,
            0.037815093994140625
        ],
        "pRS-t12-c10": [
            0.03460502624511719,
            0.03490805625915527,
            0.052134037017822266
        ],
        "pRS-t12-c5": [
            0.04752492904663086,
            0.03920483589172363,
            0.04185891151428223
        ],
        "pRS-t12-c7": [
            0.04951310157775879,
            0.04124903678894043,
            0.03906989097595215
        ],
        "pRS-t16": [
            0.06168198585510254,
            0.05935788154602051,
            0.06820321083068848
        ],
        "pRS-t16-c10": [
            0.04769110679626465,
            0.06492400169372559,
            0.042929887771606445
        ],
        "pRS-t16-c5": [
            0.056120872497558594,
            0.07105398178100586,
            0.06449699401855469
        ],
        "pRS-t16-c7": [
            0.06962800025939941,
            0.050961971282958984,
            0.06376194953918457
        ],
        "pRS-t2": [
            0.035958051681518555,
            0.03876185417175293,
            0.035665035247802734
        ],
        "pRS-t2-c10": [
            0.03908896446228027,
            0.0377039909362793,
            0.0391240119934082
        ],
        "pRS-t2-c5": [
            0.020370960235595703,
            0.03682088851928711,
            0.03401994705200195
        ],
        "pRS-t2-c7": [
            0.023585081100463867,
            0.03964996337890625,
            0.036993980407714844
        ],
        "pRS-t4": [
            0.034532785415649414,
            0.03932499885559082,
            0.039813995361328125
        ],
        "pRS-t4-c10": [
            0.027829885482788086,
            0.03248095512390137,
            0.03536200523376465
        ],
        "pRS-t4-c5": [
            0.0326230525970459,
            0.036427974700927734,
            0.03495311737060547
        ],
        "pRS-t4-c7": [
            0.040422916412353516,
            0.037184953689575195,
            0.038648128509521484
        ],
        "pRS-t6": [
            0.0357661247253418,
            0.04030203819274902,
            0.04382801055908203
        ],
        "pRS-t6-c10": [
            0.04192495346069336,
            0.039842844009399414,
            0.03264808654785156
        ],
        "pRS-t6-c5": [
            0.04395699501037598,
            0.03659415245056152,
            0.03384804725646973
        ],
        "pRS-t6-c7": [
            0.03874802589416504,
            0.04109907150268555,
            0.029325008392333984
        ],
        "pRS-t8": [
            0.04380488395690918,
            0.03978109359741211,
            0.04175305366516113
        ],
        "pRS-t8-c10": [
            0.044789791107177734,
            0.036242008209228516,
            0.03936409950256348
        ],
        "pRS-t8-c5": [
            0.04214596748352051,
            0.04053807258605957,
            0.0440518856048584
        ],
        "pRS-t8-c7": [
            0.03576302528381348,
            0.04495382308959961,
            0.04513287544250488
        ],
        "primdecomp": [
            3.683411121368408,
            3.438966989517212,
            3.655179977416992
        ],
        "rs": [
            0.029011011123657227,
            0.0285031795501709,
            0.01514291763305664
        ],
        "staccato": [
            Infinity,
            Infinity,
            Infinity
        ],
        "staccato-c10": [
            Infinity,
            Infinity,
            Infinity
        ],
        "staccato-c5": [
            Infinity,
            Infinity,
            Infinity
        ],
        "staccato-c7": [
            Infinity,
            Infinity,
            Infinity
        ]
    },
    "timeout_secs": 3600,
    "transversal_counts": {
        "primdecomp": [
            1916,
            1916,
            1916
        ]
    }
}