{
    "algs": [
        {
            "algName": "primdecomp",
            "containerName": "compsysmed/primdecomp"
        },
        {
            "algName": "htcbdd",
            "config": {
                "MODE": "toda"
            },
            "containerName": "compsysmed/htcbdd"
        },
        {
            "algName": "knuth",
            "config": {
                "MODE": "knuth"
            },
            "containerName": "compsysmed/htcbdd"
        },
        {
            "algName": "bmr",
            "containerName": "compsysmed/bmr"
        },
        {
            "algName": "dl",
            "containerName": "compsysmed/dl"
        },
        {
            "algName": "fka.begk",
            "containerName": "compsysmed/fka-begk"
        },
        {
            "algName": "hbc",
            "containerName": "compsysmed/hbc"
        },
        {
            "algName": "ks",
            "containerName": "compsysmed/ks"
        },
        {
            "algName": "mhs2",
            "containerName": "compsysmed/mhs2",
            "cutoff": true,
            "slow": true,
            "threads": true
        },
        {
            "algName": "mmcs",
            "config": {
                "MODE": "mmcs"
            },
            "containerName": "compsysmed/shd"
        },
        {
            "algName": "rs",
            "config": {
                "MODE": "rs"
            },
            "containerName": "compsysmed/shd"
        },
        {
            "algName": "bool.iterative",
            "config": {
                "ALGORITHM_NAME": "bool-iterative"
            },
            "containerName": "compsysmed/pymbd",
            "cutoff": true
        },
        {
            "algName": "hst",
            "config": {
                "ALGORITHM_NAME": "hst"
            },
            "containerName": "compsysmed/pymbd",
            "cutoff": true,
            "slow": true
        },
        {
            "algName": "hsdag",
            "config": {
                "ALGORITHM_NAME": "hsdag"
            },
            "containerName": "compsysmed/pymbd",
            "cutoff": true,
            "slow": true
        },
        {
            "algName": "staccato",
            "config": {
                "ALGORITHM_NAME": "staccato"
            },
            "containerName": "compsysmed/pymbd",
            "cutoff": true,
            "slow": true
        },
        {
            "algName": "pMMCS",
            "config": {
                "ALGORITHM": "pmmcs"
            },
            "containerName": "compsysmed/agdmhs",
            "cutoff": true,
            "threads": true
        },
        {
            "algName": "pRS",
            "config": {
                "ALGORITHM": "prs"
            },
            "containerName": "compsysmed/agdmhs",
            "cutoff": true,
            "threads": true
        },
        {
            "algName": "berge",
            "config": {
                "ALGORITHM": "berge"
            },
            "containerName": "compsysmed/agdmhs",
            "cutoff": true,
            "slow": true
        },
        {
            "algName": "bm",
            "config": {
                "ALGORITHM": "bm"
            },
            "containerName": "compsysmed/agdmhs",
            "threads": true
        },
        {
            "algName": "ocsanaGreedy",
            "containerName": "compsysmed/ocsanaGreedy",
            "cutoff": true
        }
    ],
    "runtimes": {
        "berge": [
            290.6342079639435,
            289.99837589263916,
            289.7172739505768
        ],
        "berge-c10": [
            257.7984890937805,
            258.01826786994934,
            257.9843518733978
        ],
        "berge-c5": [
            58.60845398902893,
            58.74378204345703,
            58.64083814620972
        ],
        "berge-c7": [
            219.070494890213,
            219.50122690200806,
            218.58567690849304
        ],
        "bm": [
            Infinity,
            Infinity,
            Infinity
        ],
        "bm-t12": [
            Infinity,
            Infinity,
            Infinity
        ],
        "bm-t16": [
            Infinity,
            Infinity,
            Infinity
        ],
        "bm-t2": [
            Infinity,
            Infinity,
            Infinity
        ],
        "bm-t4": [
            Infinity,
            Infinity,
            Infinity
        ],
        "bm-t6": [
            Infinity,
            Infinity,
            Infinity
        ],
        "bm-t8": [
            Infinity,
            Infinity,
            Infinity
        ],
        "bmr": [
            0.17767691612243652,
            0.1602630615234375,
            0.17739295959472656
        ],
        "bool.iterative": [
            3.0734360218048096,
            3.0876829624176025,
            3.075244903564453
        ],
        "bool.iterative-c10": [
            3.075334072113037,
            3.045994997024536,
            3.074802875518799
        ],
        "bool.iterative-c5": [
            1.5463299751281738,
            1.5535101890563965,
            1.567445993423462
        ],
        "bool.iterative-c7": [
            2.8768651485443115,
            2.8766751289367676,
            2.8766958713531494
        ],
        "dl": [
            0.7071599960327148,
            0.6979169845581055,
            0.6800589561462402
        ],
        "fka.begk": [
            7.46142315864563,
            7.072526931762695,
            7.077048063278198
        ],
        "hbc": [
            0.08473706245422363,
            0.07080698013305664,
            0.08594512939453125
        ],
        "hsdag": [
            41.3045539855957,
            41.56228995323181,
            41.25757694244385
        ],
        "hsdag-c10": [
            41.64539098739624,
            41.21236801147461,
            40.969911098480225
        ],
        "hsdag-c5": [
            13.097361087799072,
            13.141935110092163,
            13.239806890487671
        ],
        "hsdag-c7": [
            37.725451946258545,
            37.64307117462158,
            38.431145906448364
        ],
        "hst": [
            54.869805097579956,
            54.79938197135925,
            54.49657082557678
        ],
        "hst-c10": [
            54.04688501358032,
            54.53914022445679,
            54.85729694366455
        ],
        "hst-c5": [
            6.08944296836853,
            5.9589760303497314,
            5.975398063659668
        ],
        "hst-c7": [
            30.87750220298767,
            30.831795930862427,
            31.087756156921387
        ],
        "htcbdd": [
            0.44298505783081055,
            0.45174288749694824,
            0.37608885765075684
        ],
        "knuth": [
            0.35414719581604004,
            0.40679097175598145,
            0.4287421703338623
        ],
        "ks": [
            2.4840848445892334,
            2.478048086166382,
            2.4762301445007324
        ],
        "mhs2": [
            0.30381107330322266,
            0.2850379943847656,
            0.28230905532836914
        ],
        "mhs2-c10": [
            0.28836488723754883,
            0.2981419563293457,
            0.2876310348510742
        ],
        "mhs2-c5": [
            0.2648789882659912,
            0.2590200901031494,
            0.25911998748779297
        ],
        "mhs2-c7": [
            0.284146785736084,
            0.28405189514160156,
            0.29137301445007324
        ],
        "mhs2-t12": [
            0.4005420207977295,
            0.38394594192504883,
            0.3817868232727051
        ],
        "mhs2-t12-c10": [
            0.37214016914367676,
            0.39673590660095215,
            0.37537407875061035
        ],
        "mhs2-t12-c5": [
            0.40879201889038086,
            0.3837120532989502,
            0.41444897651672363
        ],
        "mhs2-t12-c7": [
            0.40137600898742676,
            0.4128551483154297,
            0.42203617095947266
        ],
        "mhs2-t16": [
            0.4069809913635254,
            0.40765905380249023,
            0.4019160270690918
        ],
        "mhs2-t16-c10": [
            0.4201838970184326,
            0.3919370174407959,
            0.4129350185394287
        ],
        "mhs2-t16-c5": [
            0.47405099868774414,
            0.38224196434020996,
            0.42638707160949707
        ],
        "mhs2-t16-c7": [
            0.41694092750549316,
            0.42548418045043945,
            0.42962098121643066
        ],
        "mhs2-t2": [
            0.29094600677490234,
            0.3007950782775879,
            0.43016695976257324
        ],
        "mhs2-t2-c10": [
            0.31035804748535156,
            0.29114294052124023,
            0.2930119037628174
        ],
        "mhs2-t2-c5": [
            0.2759380340576172,
            0.2677149772644043,
            0.272780179977417
        ],
        "mhs2-t2-c7": [
            0.29753613471984863,
            0.30026888847351074,
            0.2949490547180176
        ],
        "mhs2-t4": [
            0.26088500022888184,
            0.25646305084228516,
            0.2796788215637207
        ],
        "mhs2-t4-c10": [
            0.2644622325897217,
            0.27345895767211914,
            0.37231016159057617
        ],
        "mhs2-t4-c5": [
            0.2531590461730957,
            0.2624528408050537,
            0.26584410667419434
        ],
        "mhs2-t4-c7": [
            0.26850199699401855,
            0.2850310802459717,
            0.2615540027618408
        ],
        "mhs2-t6": [
            0.2655951976776123,
            0.2764410972595215,
            0.2808818817138672
        ],
        "mhs2-t6-c10": [
            0.28593993186950684,
            0.26112914085388184,
            0.2928910255432129
        ],
        "mhs2-t6-c5": [
            0.30080199241638184,
            0.24768996238708496,
            0.33716297149658203
        ],
        "mhs2-t6-c7": [
            0.27797889709472656,
            0.41551899909973145,
            0.39183592796325684
        ],
        "mhs2-t8": [
            0.38495898246765137,
            0.3142068386077881,
            0.3190789222717285
        ],
        "mhs2-t8-c10": [
            0.3735349178314209,
            0.3933119773864746,
            0.3979520797729492
        ],
        "mhs2-t8-c5": [
            0.26288795471191406,
            0.3780689239501953,
            0.3651449680328369
        ],
        "mhs2-t8-c7": [
            0.40642499923706055,
            0.27508091926574707,
            0.3943519592285156
        ],
        "mmcs": [
            0.05886483192443848,
            0.056405067443847656,
            0.06148195266723633
        ],
        "ocsanaGreedy": [
            1384.2391331195831,
            1377.7546000480652,
            1190.3515350818634
        ],
        "ocsanaGreedy-c10": [
            1287.56498503685,
            1287.853660106659,
            1178.331614971161
        ],
        "ocsanaGreedy-c5": [
            11.287856101989746,
            13.173595905303955,
            13.189939975738525
        ],
        "ocsanaGreedy-c7": [
            313.33605790138245,
            314.3483681678772,
            312.7862319946289
        ],
        "pMMCS": [
            0.04796409606933594,
            0.05823707580566406,
            0.06040191650390625
        ],
        "pMMCS-c10": [
            0.0617070198059082,
            0.06515884399414062,
            0.05945611000061035
        ],
        "pMMCS-c5": [
            0.05420112609863281,
            0.05362296104431152,
            0.05453300476074219
        ],
        "pMMCS-c7": [
            0.06244087219238281,
            0.05634808540344238,
            0.06619811058044434
        ],
        "pMMCS-t12": [
            0.0888068675994873,
            0.0769050121307373,
            0.08558320999145508
        ],
        "pMMCS-t12-c10": [
            0.06737089157104492,
            0.06899690628051758,
            0.06823492050170898
        ],
        "pMMCS-t12-c5": [
            0.0585939884185791,
            0.04610395431518555,
            0.07102394104003906
        ],
        "pMMCS-t12-c7": [
            0.03478503227233887,
            0.06312894821166992,
            0.05814409255981445
        ],
        "pMMCS-t16": [
            0.06703615188598633,
            0.0821390151977539,
            0.09739494323730469
        ],
        "pMMCS-t16-c10": [
            0.08370208740234375,
            0.08050704002380371,
            0.08917999267578125
        ],
        "pMMCS-t16-c5": [
            0.06825399398803711,
            0.07564282417297363,
            0.06455516815185547
        ],
        "pMMCS-t16-c7": [
            0.06757998466491699,
            0.07126283645629883,
            0.07557797431945801
        ],
        "pMMCS-t2": [
            0.0635838508605957,
            0.060407161712646484,
            0.06058001518249512
        ],
        "pMMCS-t2-c10": [
            0.05401897430419922,
            0.048310041427612305,
            0.060461997985839844
        ],
        "pMMCS-t2-c5": [
            0.04244494438171387,
            0.03592109680175781,
            0.04093790054321289
        ],
        "pMMCS-t2-c7": [
            0.05909109115600586,
            0.05736708641052246,
            0.058960914611816406
        ],
        "pMMCS-t4": [
            0.047039031982421875,
            0.06194186210632324,
            0.05741310119628906
        ],
        "pMMCS-t4-c10": [
            0.06573104858398438,
            0.06673693656921387,
            0.0627741813659668
        ],
        "pMMCS-t4-c5": [
            0.0530240535736084,
            0.058888912200927734,
            0.05491495132446289
        ],
        "pMMCS-t4-c7": [
            0.06345295906066895,
            0.05581998825073242,
            0.05695009231567383
        ],
        "pMMCS-t6": [
            0.06438088417053223,
            0.05894899368286133,
            0.06493806838989258
        ],
        "pMMCS-t6-c10": [
            0.06819915771484375,
            0.061553001403808594,
            0.06281805038452148
        ],
        "pMMCS-t6-c5": [
            0.0565030574798584,
            0.05457282066345215,
            0.060514211654663086
        ],
        "pMMCS-t6-c7": [
            0.061200857162475586,
            0.03988504409790039,
            0.05770993232727051
        ],
        "pMMCS-t8": [
            0.06237316131591797,
            0.06663393974304199,
            0.06014204025268555
        ],
        "pMMCS-t8-c10": [
            0.058863162994384766,
            0.05779099464416504,
            0.0749509334564209
        ],
        "pMMCS-t8-c5": [
            0.06593894958496094,
            0.05447888374328613,
            0.06847691535949707
        ],
        "pMMCS-t8-c7": [
            0.05951189994812012,
            0.06865715980529785,
            0.06034994125366211
        ],
        "pRS": [
            0.07757186889648438,
            0.06295609474182129,
            0.07403302192687988
        ],
        "pRS-c10": [
            0.0724189281463623,
            0.059307098388671875,
            0.07178497314453125
        ],
        "pRS-c5": [
            0.0651559829711914,
            0.06497001647949219,
            0.06762504577636719
        ],
        "pRS-c7": [
            0.08153820037841797,
            0.07832598686218262,
            0.07694292068481445
        ],
        "pRS-t12": [
            0.0655679702758789,
            0.06708502769470215,
            0.07194685935974121
        ],
        "pRS-t12-c10": [
            0.06781220436096191,
            0.0666351318359375,
            0.07216811180114746
        ],
        "pRS-t12-c5": [
            0.05426812171936035,
            0.0662541389465332,
            0.07518887519836426
        ],
        "pRS-t12-c7": [
            0.07170701026916504,
            0.08408212661743164,
            0.06808090209960938
        ],
        "pRS-t16": [
            0.05835103988647461,
            0.07419204711914062,
            0.07611298561096191
        ],
        "pRS-t16-c10": [
            0.07907891273498535,
            0.07586097717285156,
            0.07580709457397461
        ],
        "pRS-t16-c5": [
            0.06564784049987793,
            0.09671807289123535,
            0.09273719787597656
        ],
        "pRS-t16-c7": [
            0.061164140701293945,
            0.08035492897033691,
            0.08076906204223633
        ],
        "pRS-t2": [
            0.06696200370788574,
            0.055737972259521484,
            0.0646519660949707
        ],
        "pRS-t2-c10": [
            0.06871891021728516,
            0.06466984748840332,
            0.058731794357299805
        ],
        "pRS-t2-c5": [
            0.06004691123962402,
            0.05592823028564453,
            0.054756879806518555
        ],
        "pRS-t2-c7": [
            0.06565308570861816,
            0.0714418888092041,
            0.06812095642089844
        ],
        "pRS-t4": [
            0.06064605712890625,
            0.06353306770324707,
            0.06286907196044922
        ],
        "pRS-t4-c10": [
            0.06591105461120605,
            0.060452938079833984,
            0.0429987907409668
        ],
        "pRS-t4-c5": [
            0.05981898307800293,
            0.054039955139160156,
            0.0577847957611084
        ],
        "pRS-t4-c7": [
            0.06153607368469238,
            0.06587100028991699,
            0.05336809158325195
        ],
        "pRS-t6": [
            0.06874203681945801,
            0.06391286849975586,
            0.05953502655029297
        ],
        "pRS-t6-c10": [
            0.0651099681854248,
            0.06595611572265625,
            0.0655829906463623
        ],
        "pRS-t6-c5": [
            0.06331801414489746,
            0.057847023010253906,
            0.06622099876403809
        ],
        "pRS-t6-c7": [
            0.06777715682983398,
            0.05993986129760742,
            0.06429600715637207
        ],
        "pRS-t8": [
            0.07016801834106445,
            0.06359195709228516,
            0.07020688056945801
        ],
        "pRS-t8-c10": [
            0.061585187911987305,
            0.06103706359863281,
            0.07158207893371582
        ],
        "pRS-t8-c5": [
            0.059700965881347656,
            0.061491966247558594,
            0.06043815612792969
        ],
        "pRS-t8-c7": [
            0.0675511360168457,
            0.06562089920043945,
            0.06234097480773926
        ],
        "primdecomp": [
            7.620491981506348,
            7.1871418952941895,
            7.379848003387451
        ],
        "rs": [
            0.05931901931762695,
            0.060115814208984375,
            0.05995488166809082
        ],
        "staccato": [
            Infinity,
            Infinity,
            Infinity
        ],
        "staccato-c10": [
            Infinity,
            Infinity,
            Infinity
        ],
        "staccato-c5": [
            Infinity,
            Infinity,
            Infinity
        ],
        "staccato-c7": [
            Infinity,
            Infinity,
            Infinity
        ]
    },
    "timeout_secs": 3600,
    "transversal_counts": {
        "primdecomp": [
            3547,
            3547,
            3547
        ]
    }
}