{
    "algs": [
        {
            "algName": "primdecomp",
            "containerName": "compsysmed/primdecomp"
        },
        {
            "algName": "htcbdd",
            "config": {
                "MODE": "toda"
            },
            "containerName": "compsysmed/htcbdd"
        },
        {
            "algName": "knuth",
            "config": {
                "MODE": "knuth"
            },
            "containerName": "compsysmed/htcbdd"
        },
        {
            "algName": "bmr",
            "containerName": "compsysmed/bmr"
        },
        {
            "algName": "dl",
            "containerName": "compsysmed/dl"
        },
        {
            "algName": "fka.begk",
            "containerName": "compsysmed/fka-begk"
        },
        {
            "algName": "hbc",
            "containerName": "compsysmed/hbc"
        },
        {
            "algName": "ks",
            "containerName": "compsysmed/ks"
        },
        {
            "algName": "mhs2",
            "containerName": "compsysmed/mhs2",
            "cutoff": true,
            "slow": true,
            "threads": true
        },
        {
            "algName": "mmcs",
            "config": {
                "MODE": "mmcs"
            },
            "containerName": "compsysmed/shd"
        },
        {
            "algName": "rs",
            "config": {
                "MODE": "rs"
            },
            "containerName": "compsysmed/shd"
        },
        {
            "algName": "bool.iterative",
            "config": {
                "ALGORITHM_NAME": "bool-iterative"
            },
            "containerName": "compsysmed/pymbd",
            "cutoff": true
        },
        {
            "algName": "hst",
            "config": {
                "ALGORITHM_NAME": "hst"
            },
            "containerName": "compsysmed/pymbd",
            "cutoff": true,
            "slow": true
        },
        {
            "algName": "hsdag",
            "config": {
                "ALGORITHM_NAME": "hsdag"
            },
            "containerName": "compsysmed/pymbd",
            "cutoff": true,
            "slow": true
        },
        {
            "algName": "staccato",
            "config": {
                "ALGORITHM_NAME": "staccato"
            },
            "containerName": "compsysmed/pymbd",
            "cutoff": true,
            "slow": true
        },
        {
            "algName": "pMMCS",
            "config": {
                "ALGORITHM": "pmmcs"
            },
            "containerName": "compsysmed/agdmhs",
            "cutoff": true,
            "threads": true
        },
        {
            "algName": "pRS",
            "config": {
                "ALGORITHM": "prs"
            },
            "containerName": "compsysmed/agdmhs",
            "cutoff": true,
            "threads": true
        },
        {
            "algName": "berge",
            "config": {
                "ALGORITHM": "berge"
            },
            "containerName": "compsysmed/agdmhs",
            "cutoff": true,
            "slow": true
        },
        {
            "algName": "bm",
            "config": {
                "ALGORITHM": "bm"
            },
            "containerName": "compsysmed/agdmhs",
            "threads": true
        },
        {
            "algName": "ocsanaGreedy",
            "containerName": "compsysmed/ocsanaGreedy",
            "cutoff": true
        }
    ],
    "runtimes": {
        "berge": [
            6.709458112716675,
            6.7615368366241455,
            6.705502033233643
        ],
        "berge-c10": [
            5.576882839202881,
            5.512238025665283,
            5.581992149353027
        ],
        "berge-c5": [
            3.7464599609375,
            3.6761538982391357,
            3.7115800380706787
        ],
        "berge-c7": [
            5.5036609172821045,
            5.439702987670898,
            5.4576311111450195
        ],
        "bm": [
            1754.5282838344574,
            1758.705008983612,
            1760.0356550216675
        ],
        "bm-t12": [
            373.0508029460907,
            373.2292289733887,
            372.25372290611267
        ],
        "bm-t16": [
            330.8339409828186,
            331.0893008708954,
            330.8515589237213
        ],
        "bm-t2": [
            1393.4609270095825,
            1438.0490667819977,
            1400.0193979740143
        ],
        "bm-t4": [
            771.2471418380737,
            767.8882040977478,
            766.9966969490051
        ],
        "bm-t6": [
            548.9260499477386,
            548.6806409358978,
            548.2455661296844
        ],
        "bm-t8": [
            425.76361298561096,
            426.98010206222534,
            426.43548488616943
        ],
        "bmr": [
            0.05007314682006836,
            0.05201292037963867,
            0.04770493507385254
        ],
        "bool.iterative": [
            0.238739013671875,
            0.3210599422454834,
            0.23681998252868652
        ],
        "bool.iterative-c10": [
            0.31703996658325195,
            0.3162858486175537,
            0.3144969940185547
        ],
        "bool.iterative-c5": [
            0.2773411273956299,
            0.27716517448425293,
            0.211014986038208
        ],
        "bool.iterative-c7": [
            0.2368760108947754,
            0.23694396018981934,
            0.23561501502990723
        ],
        "dl": [
            0.07278299331665039,
            0.07472395896911621,
            0.07088303565979004
        ],
        "fka.begk": [
            1.0988078117370605,
            1.1183569431304932,
            1.1408729553222656
        ],
        "hbc": [
            0.012691020965576172,
            0.01747608184814453,
            0.01830601692199707
        ],
        "hsdag": [
            2.066722869873047,
            2.173701047897339,
            2.106909990310669
        ],
        "hsdag-c10": [
            2.1917901039123535,
            2.091454029083252,
            2.0595011711120605
        ],
        "hsdag-c5": [
            1.7317941188812256,
            1.8145129680633545,
            1.7763550281524658
        ],
        "hsdag-c7": [
            2.1637609004974365,
            2.204853057861328,
            2.1832451820373535
        ],
        "hst": [
            2.7138659954071045,
            2.7534689903259277,
            2.734182119369507
        ],
        "hst-c10": [
            2.720184803009033,
            2.673246145248413,
            2.7477400302886963
        ],
        "hst-c5": [
            0.777756929397583,
            0.8228049278259277,
            0.7948501110076904
        ],
        "hst-c7": [
            2.2861149311065674,
            2.254199981689453,
            2.279294967651367
        ],
        "htcbdd": [
            0.4427831172943115,
            0.39386987686157227,
            0.34222888946533203
        ],
        "knuth": [
            0.34792613983154297,
            0.31540608406066895,
            0.37532806396484375
        ],
        "ks": [
            0.21167707443237305,
            0.2050628662109375,
            0.21079397201538086
        ],
        "mhs2": [
            0.03394818305969238,
            0.04280996322631836,
            0.0431060791015625
        ],
        "mhs2-c10": [
            0.0442349910736084,
            0.042781829833984375,
            0.04425191879272461
        ],
        "mhs2-c5": [
            0.041185855865478516,
            0.03429603576660156,
            0.041448116302490234
        ],
        "mhs2-c7": [
            0.04323291778564453,
            0.04354214668273926,
            0.042912960052490234
        ],
        "mhs2-t12": [
            0.05364584922790527,
            0.04305410385131836,
            0.0767829418182373
        ],
        "mhs2-t12-c10": [
            0.0854949951171875,
            0.05503392219543457,
            0.05521798133850098
        ],
        "mhs2-t12-c5": [
            0.05278491973876953,
            0.04758787155151367,
            0.05937910079956055
        ],
        "mhs2-t12-c7": [
            0.054116010665893555,
            0.06209897994995117,
            0.06205177307128906
        ],
        "mhs2-t16": [
            0.057514190673828125,
            0.06347107887268066,
            0.07288122177124023
        ],
        "mhs2-t16-c10": [
            0.06762909889221191,
            0.0704340934753418,
            0.06117987632751465
        ],
        "mhs2-t16-c5": [
            0.06317996978759766,
            0.06861090660095215,
            0.08433318138122559
        ],
        "mhs2-t16-c7": [
            0.06464219093322754,
            0.07828783988952637,
            0.07690596580505371
        ],
        "mhs2-t2": [
            0.04351401329040527,
            0.041529178619384766,
            0.0417020320892334
        ],
        "mhs2-t2-c10": [
            0.04517817497253418,
            0.06218886375427246,
            0.04608297348022461
        ],
        "mhs2-t2-c5": [
            0.055538177490234375,
            0.04166698455810547,
            0.044569969177246094
        ],
        "mhs2-t2-c7": [
            0.04021120071411133,
            0.03911995887756348,
            0.04433488845825195
        ],
        "mhs2-t4": [
            0.05521988868713379,
            0.05086183547973633,
            0.039942026138305664
        ],
        "mhs2-t4-c10": [
            0.04207801818847656,
            0.05186009407043457,
            0.042448997497558594
        ],
        "mhs2-t4-c5": [
            0.040220022201538086,
            0.03954792022705078,
            0.039160966873168945
        ],
        "mhs2-t4-c7": [
            0.05149507522583008,
            0.05117511749267578,
            0.04180097579956055
        ],
        "mhs2-t6": [
            0.04417109489440918,
            0.043906211853027344,
            0.04475116729736328
        ],
        "mhs2-t6-c10": [
            0.052973031997680664,
            0.03860306739807129,
            0.05057382583618164
        ],
        "mhs2-t6-c5": [
            0.038481950759887695,
            0.0484621524810791,
            0.042411088943481445
        ],
        "mhs2-t6-c7": [
            0.04851984977722168,
            0.04289078712463379,
            0.04614710807800293
        ],
        "mhs2-t8": [
            0.04775691032409668,
            0.06493592262268066,
            0.04396700859069824
        ],
        "mhs2-t8-c10": [
            0.05634188652038574,
            0.057337045669555664,
            0.05442309379577637
        ],
        "mhs2-t8-c5": [
            0.0567319393157959,
            0.04909515380859375,
            0.04148387908935547
        ],
        "mhs2-t8-c7": [
            0.05323195457458496,
            0.04778599739074707,
            0.05811810493469238
        ],
        "mmcs": [
            0.011514902114868164,
            0.010499000549316406,
            0.008028984069824219
        ],
        "ocsanaGreedy": [
            43.268949031829834,
            42.018726110458374,
            40.98838400840759
        ],
        "ocsanaGreedy-c10": [
            43.16428804397583,
            39.395549058914185,
            39.91035509109497
        ],
        "ocsanaGreedy-c5": [
            2.2569828033447266,
            2.4030590057373047,
            2.396383047103882
        ],
        "ocsanaGreedy-c7": [
            21.677860975265503,
            22.35337495803833,
            22.107691049575806
        ],
        "pMMCS": [
            0.016540050506591797,
            0.017113924026489258,
            0.01678180694580078
        ],
        "pMMCS-c10": [
            0.016281843185424805,
            0.017042160034179688,
            0.01595902442932129
        ],
        "pMMCS-c5": [
            0.016748905181884766,
            0.016185998916625977,
            0.015885114669799805
        ],
        "pMMCS-c7": [
            0.01684403419494629,
            0.015885114669799805,
            0.01697707176208496
        ],
        "pMMCS-t12": [
            0.03302502632141113,
            0.03309488296508789,
            0.030752897262573242
        ],
        "pMMCS-t12-c10": [
            0.026746034622192383,
            0.02309107780456543,
            0.0272829532623291
        ],
        "pMMCS-t12-c5": [
            0.04667305946350098,
            0.022426128387451172,
            0.03526115417480469
        ],
        "pMMCS-t12-c7": [
            0.02458786964416504,
            0.02744007110595703,
            0.03042316436767578
        ],
        "pMMCS-t16": [
            0.03847622871398926,
            0.02916097640991211,
            0.02871990203857422
        ],
        "pMMCS-t16-c10": [
            0.0332179069519043,
            0.03919506072998047,
            0.03616786003112793
        ],
        "pMMCS-t16-c5": [
            0.044283151626586914,
            0.05530595779418945,
            0.028584003448486328
        ],
        "pMMCS-t16-c7": [
            0.04838705062866211,
            0.031113862991333008,
            0.05489206314086914
        ],
        "pMMCS-t2": [
            0.01685190200805664,
            0.015403985977172852,
            0.016689062118530273
        ],
        "pMMCS-t2-c10": [
            0.017058849334716797,
            0.01654195785522461,
            0.01647806167602539
        ],
        "pMMCS-t2-c5": [
            0.013650894165039062,
            0.013469934463500977,
            0.015102148056030273
        ],
        "pMMCS-t2-c7": [
            0.017694950103759766,
            0.017499208450317383,
            0.013662099838256836
        ],
        "pMMCS-t4": [
            0.017409086227416992,
            0.018934011459350586,
            0.02295207977294922
        ],
        "pMMCS-t4-c10": [
            0.018785953521728516,
            0.018375873565673828,
            0.017380952835083008
        ],
        "pMMCS-t4-c5": [
            0.01758098602294922,
            0.018981218338012695,
            0.018947124481201172
        ],
        "pMMCS-t4-c7": [
            0.01836395263671875,
            0.017494916915893555,
            0.019045114517211914
        ],
        "pMMCS-t6": [
            0.01611495018005371,
            0.022346019744873047,
            0.02342700958251953
        ],
        "pMMCS-t6-c10": [
            0.020411968231201172,
            0.019832849502563477,
            0.027469873428344727
        ],
        "pMMCS-t6-c5": [
            0.017375946044921875,
            0.021625041961669922,
            0.021989822387695312
        ],
        "pMMCS-t6-c7": [
            0.018208980560302734,
            0.019877910614013672,
            0.01734304428100586
        ],
        "pMMCS-t8": [
            0.022653818130493164,
            0.022848129272460938,
            0.022192001342773438
        ],
        "pMMCS-t8-c10": [
            0.03302597999572754,
            0.02099895477294922,
            0.020934104919433594
        ],
        "pMMCS-t8-c5": [
            0.01847100257873535,
            0.021772146224975586,
            0.023149967193603516
        ],
        "pMMCS-t8-c7": [
            0.02242898941040039,
            0.022413969039916992,
            0.022657155990600586
        ],
        "pRS": [
            0.01630377769470215,
            0.019549846649169922,
            0.019331932067871094
        ],
        "pRS-c10": [
            0.01872992515563965,
            0.02003192901611328,
            0.01935601234436035
        ],
        "pRS-c5": [
            0.018883943557739258,
            0.01848006248474121,
            0.0191650390625
        ],
        "pRS-c7": [
            0.019082069396972656,
            0.019568920135498047,
            0.019683122634887695
        ],
        "pRS-t12": [
            0.02829885482788086,
            0.025005102157592773,
            0.028070926666259766
        ],
        "pRS-t12-c10": [
            0.03290414810180664,
            0.02494502067565918,
            0.022224903106689453
        ],
        "pRS-t12-c5": [
            0.0256040096282959,
            0.02521514892578125,
            0.02780604362487793
        ],
        "pRS-t12-c7": [
            0.027493000030517578,
            0.043186187744140625,
            0.031333208084106445
        ],
        "pRS-t16": [
            0.04324221611022949,
            0.034477949142456055,
            0.04186081886291504
        ],
        "pRS-t16-c10": [
            0.038748979568481445,
            0.030449867248535156,
            0.028290987014770508
        ],
        "pRS-t16-c5": [
            0.04146409034729004,
            0.05510401725769043,
            0.04382586479187012
        ],
        "pRS-t16-c7": [
            0.048111915588378906,
            0.03874492645263672,
            0.027492046356201172
        ],
        "pRS-t2": [
            0.020256996154785156,
            0.017824888229370117,
            0.016701936721801758
        ],
        "pRS-t2-c10": [
            0.018316030502319336,
            0.018372058868408203,
            0.017776966094970703
        ],
        "pRS-t2-c5": [
            0.01633906364440918,
            0.01673293113708496,
            0.017911911010742188
        ],
        "pRS-t2-c7": [
            0.01763606071472168,
            0.018423795700073242,
            0.017534971237182617
        ],
        "pRS-t4": [
            0.019739151000976562,
            0.019114017486572266,
            0.019394874572753906
        ],
        "pRS-t4-c10": [
            0.019360065460205078,
            0.02059006690979004,
            0.020824193954467773
        ],
        "pRS-t4-c5": [
            0.017329931259155273,
            0.01415109634399414,
            0.019847869873046875
        ],
        "pRS-t4-c7": [
            0.0210568904876709,
            0.02048802375793457,
            0.023266077041625977
        ],
        "pRS-t6": [
            0.02143096923828125,
            0.02078986167907715,
            0.021094083786010742
        ],
        "pRS-t6-c10": [
            0.022496938705444336,
            0.022800922393798828,
            0.0241239070892334
        ],
        "pRS-t6-c5": [
            0.023665904998779297,
            0.023075103759765625,
            0.022063016891479492
        ],
        "pRS-t6-c7": [
            0.022904157638549805,
            0.021466970443725586,
            0.0168609619140625
        ],
        "pRS-t8": [
            0.021418094635009766,
            0.023977041244506836,
            0.03314495086669922
        ],
        "pRS-t8-c10": [
            0.019546031951904297,
            0.026274919509887695,
            0.021092891693115234
        ],
        "pRS-t8-c5": [
            0.026553869247436523,
            0.02207803726196289,
            0.025238990783691406
        ],
        "pRS-t8-c7": [
            0.019608020782470703,
            0.02180314064025879,
            0.025086164474487305
        ],
        "primdecomp": [
            1.2582011222839355,
            1.188525915145874,
            1.1602399349212646
        ],
        "rs": [
            0.011310100555419922,
            0.010226011276245117,
            0.010285139083862305
        ],
        "staccato": [
            Infinity,
            Infinity,
            Infinity
        ],
        "staccato-c10": [
            Infinity,
            Infinity,
            Infinity
        ],
        "staccato-c5": [
            Infinity,
            Infinity,
            Infinity
        ],
        "staccato-c7": [
            Infinity,
            Infinity,
            Infinity
        ]
    },
    "timeout_secs": 3600,
    "transversal_counts": {
        "primdecomp": [
            1039,
            1039,
            1039
        ]
    }
}