{
    "algs": [
        {
            "algName": "primdecomp",
            "containerName": "compsysmed/primdecomp"
        },
        {
            "algName": "htcbdd",
            "config": {
                "MODE": "toda"
            },
            "containerName": "compsysmed/htcbdd"
        },
        {
            "algName": "knuth",
            "config": {
                "MODE": "knuth"
            },
            "containerName": "compsysmed/htcbdd"
        },
        {
            "algName": "bmr",
            "containerName": "compsysmed/bmr"
        },
        {
            "algName": "dl",
            "containerName": "compsysmed/dl"
        },
        {
            "algName": "fka.begk",
            "containerName": "compsysmed/fka-begk"
        },
        {
            "algName": "hbc",
            "containerName": "compsysmed/hbc"
        },
        {
            "algName": "ks",
            "containerName": "compsysmed/ks"
        },
        {
            "algName": "mhs2",
            "containerName": "compsysmed/mhs2",
            "cutoff": true,
            "slow": true,
            "threads": true
        },
        {
            "algName": "mmcs",
            "config": {
                "MODE": "mmcs"
            },
            "containerName": "compsysmed/shd"
        },
        {
            "algName": "rs",
            "config": {
                "MODE": "rs"
            },
            "containerName": "compsysmed/shd"
        },
        {
            "algName": "bool.iterative",
            "config": {
                "ALGORITHM_NAME": "bool-iterative"
            },
            "containerName": "compsysmed/pymbd",
            "cutoff": true
        },
        {
            "algName": "hst",
            "config": {
                "ALGORITHM_NAME": "hst"
            },
            "containerName": "compsysmed/pymbd",
            "cutoff": true,
            "slow": true
        },
        {
            "algName": "hsdag",
            "config": {
                "ALGORITHM_NAME": "hsdag"
            },
            "containerName": "compsysmed/pymbd",
            "cutoff": true,
            "slow": true
        },
        {
            "algName": "staccato",
            "config": {
                "ALGORITHM_NAME": "staccato"
            },
            "containerName": "compsysmed/pymbd",
            "cutoff": true,
            "slow": true
        },
        {
            "algName": "pMMCS",
            "config": {
                "ALGORITHM": "pmmcs"
            },
            "containerName": "compsysmed/agdmhs",
            "cutoff": true,
            "threads": true
        },
        {
            "algName": "pRS",
            "config": {
                "ALGORITHM": "prs"
            },
            "containerName": "compsysmed/agdmhs",
            "cutoff": true,
            "threads": true
        },
        {
            "algName": "berge",
            "config": {
                "ALGORITHM": "berge"
            },
            "containerName": "compsysmed/agdmhs",
            "cutoff": true,
            "slow": true
        },
        {
            "algName": "bm",
            "config": {
                "ALGORITHM": "bm"
            },
            "containerName": "compsysmed/agdmhs",
            "threads": true
        },
        {
            "algName": "ocsanaGreedy",
            "containerName": "compsysmed/ocsanaGreedy",
            "cutoff": true
        }
    ],
    "runtimes": {
        "berge": [
            0.4232950210571289,
            0.37735700607299805,
            0.384660005569458
        ],
        "berge-c10": [
            0.27626895904541016,
            0.33069896697998047,
            0.2979929447174072
        ],
        "berge-c5": [
            0.2660181522369385,
            0.30281591415405273,
            0.2598299980163574
        ],
        "berge-c7": [
            0.29120492935180664,
            0.3262948989868164,
            0.29482412338256836
        ],
        "bm": [
            3.0613291263580322,
            3.264970064163208,
            3.201524019241333
        ],
        "bm-t12": [
            0.6909120082855225,
            0.7083618640899658,
            0.6628339290618896
        ],
        "bm-t16": [
            0.707921028137207,
            0.5969071388244629,
            0.5945298671722412
        ],
        "bm-t2": [
            2.476588010787964,
            2.436199903488159,
            2.4681200981140137
        ],
        "bm-t4": [
            1.3254821300506592,
            1.3349559307098389,
            1.454355001449585
        ],
        "bm-t6": [
            0.9571130275726318,
            1.0308408737182617,
            0.9573471546173096
        ],
        "bm-t8": [
            0.8177850246429443,
            0.7458879947662354,
            0.7322590351104736
        ],
        "bmr": [
            0.013848066329956055,
            0.0074079036712646484,
            0.006827831268310547
        ],
        "bool.iterative": [
            0.043012142181396484,
            0.03657102584838867,
            0.03665804862976074
        ],
        "bool.iterative-c10": [
            0.03670907020568848,
            0.04299187660217285,
            0.03728985786437988
        ],
        "bool.iterative-c5": [
            0.04309201240539551,
            0.03604698181152344,
            0.035884857177734375
        ],
        "bool.iterative-c7": [
            0.03692197799682617,
            0.037277936935424805,
            0.03670692443847656
        ],
        "dl": [
            0.011380195617675781,
            0.008304119110107422,
            0.00507807731628418
        ],
        "fka.begk": [
            0.27156710624694824,
            0.2578921318054199,
            0.26421284675598145
        ],
        "hbc": [
            0.0061740875244140625,
            0.005079984664916992,
            0.004842042922973633
        ],
        "hsdag": [
            0.2038559913635254,
            0.2617220878601074,
            0.2645289897918701
        ],
        "hsdag-c10": [
            0.25947999954223633,
            0.2597498893737793,
            0.2572040557861328
        ],
        "hsdag-c5": [
            0.2144010066986084,
            0.20165586471557617,
            0.25540685653686523
        ],
        "hsdag-c7": [
            0.26738500595092773,
            0.2586479187011719,
            0.26361703872680664
        ],
        "hst": [
            0.11205196380615234,
            0.11541414260864258,
            0.17609500885009766
        ],
        "hst-c10": [
            0.11320686340332031,
            0.11348199844360352,
            0.11175799369812012
        ],
        "hst-c5": [
            0.06003904342651367,
            0.05840611457824707,
            0.05737185478210449
        ],
        "hst-c7": [
            0.11182093620300293,
            0.10850787162780762,
            0.11117696762084961
        ],
        "htcbdd": [
            0.39292287826538086,
            0.38059306144714355,
            0.3497769832611084
        ],
        "knuth": [
            0.35167407989501953,
            0.31704092025756836,
            0.32128405570983887
        ],
        "ks": [
            0.017306804656982422,
            0.012434959411621094,
            0.01563882827758789
        ],
        "mhs2": [
            0.008481025695800781,
            0.006776094436645508,
            0.006916999816894531
        ],
        "mhs2-c10": [
            0.005120992660522461,
            0.008539199829101562,
            0.00722193717956543
        ],
        "mhs2-c5": [
            0.005346059799194336,
            0.007838964462280273,
            0.0061261653900146484
        ],
        "mhs2-c7": [
            0.00896000862121582,
            0.00646209716796875,
            0.007864952087402344
        ],
        "mhs2-t12": [
            0.019411087036132812,
            0.014117956161499023,
            0.015394926071166992
        ],
        "mhs2-t12-c10": [
            0.015516996383666992,
            0.014098167419433594,
            0.019325971603393555
        ],
        "mhs2-t12-c5": [
            0.026282072067260742,
            0.019407033920288086,
            0.01574087142944336
        ],
        "mhs2-t12-c7": [
            0.02060699462890625,
            0.01649785041809082,
            0.016072988510131836
        ],
        "mhs2-t16": [
            0.017177104949951172,
            0.019107818603515625,
            0.024590015411376953
        ],
        "mhs2-t16-c10": [
            0.017579078674316406,
            0.01837897300720215,
            0.01587390899658203
        ],
        "mhs2-t16-c5": [
            0.02222919464111328,
            0.014330863952636719,
            0.011799097061157227
        ],
        "mhs2-t16-c7": [
            0.018638134002685547,
            0.021001100540161133,
            0.018085956573486328
        ],
        "mhs2-t2": [
            0.010223865509033203,
            0.010746955871582031,
            0.009315967559814453
        ],
        "mhs2-t2-c10": [
            0.008955955505371094,
            0.011606931686401367,
            0.010661840438842773
        ],
        "mhs2-t2-c5": [
            0.008077859878540039,
            0.009531021118164062,
            0.010113954544067383
        ],
        "mhs2-t2-c7": [
            0.007074117660522461,
            0.009160995483398438,
            0.00813603401184082
        ],
        "mhs2-t4": [
            0.012948989868164062,
            0.01229405403137207,
            0.010525941848754883
        ],
        "mhs2-t4-c10": [
            0.012369155883789062,
            0.010280847549438477,
            0.011419057846069336
        ],
        "mhs2-t4-c5": [
            0.011864900588989258,
            0.010039091110229492,
            0.006597995758056641
        ],
        "mhs2-t4-c7": [
            0.012758970260620117,
            0.007693052291870117,
            0.01106119155883789
        ],
        "mhs2-t6": [
            0.014211893081665039,
            0.012044906616210938,
            0.013808012008666992
        ],
        "mhs2-t6-c10": [
            0.014072895050048828,
            0.013522863388061523,
            0.009656906127929688
        ],
        "mhs2-t6-c5": [
            0.010921001434326172,
            0.008516073226928711,
            0.01231694221496582
        ],
        "mhs2-t6-c7": [
            0.011579036712646484,
            0.011095046997070312,
            0.00953984260559082
        ],
        "mhs2-t8": [
            0.014669179916381836,
            0.012157917022705078,
            0.011888980865478516
        ],
        "mhs2-t8-c10": [
            0.01073908805847168,
            0.013032913208007812,
            0.011433839797973633
        ],
        "mhs2-t8-c5": [
            0.01218104362487793,
            0.010898113250732422,
            0.011842012405395508
        ],
        "mhs2-t8-c7": [
            0.014311075210571289,
            0.013336896896362305,
            0.011172056198120117
        ],
        "mmcs": [
            0.0038290023803710938,
            0.003200054168701172,
            0.003136873245239258
        ],
        "ocsanaGreedy": [
            1.154400110244751,
            1.357801914215088,
            1.3274948596954346
        ],
        "ocsanaGreedy-c10": [
            1.1386699676513672,
            1.1548490524291992,
            1.3933918476104736
        ],
        "ocsanaGreedy-c5": [
            0.8036038875579834,
            0.7299120426177979,
            0.5209140777587891
        ],
        "ocsanaGreedy-c7": [
            1.031036138534546,
            1.0581860542297363,
            1.1495511531829834
        ],
        "pMMCS": [
            0.006681919097900391,
            0.005127906799316406,
            0.006735086441040039
        ],
        "pMMCS-c10": [
            0.005052089691162109,
            0.0076639652252197266,
            0.006683826446533203
        ],
        "pMMCS-c5": [
            0.004405975341796875,
            0.007668972015380859,
            0.0066030025482177734
        ],
        "pMMCS-c7": [
            0.00884103775024414,
            0.004598140716552734,
            0.007097959518432617
        ],
        "pMMCS-t12": [
            0.020387887954711914,
            0.02507305145263672,
            0.01650214195251465
        ],
        "pMMCS-t12-c10": [
            0.01961803436279297,
            0.03168511390686035,
            0.01702404022216797
        ],
        "pMMCS-t12-c5": [
            0.01795196533203125,
            0.0142822265625,
            0.015145063400268555
        ],
        "pMMCS-t12-c7": [
            0.017343997955322266,
            0.01920294761657715,
            0.01810598373413086
        ],
        "pMMCS-t16": [
            0.02612614631652832,
            0.017859935760498047,
            0.018934011459350586
        ],
        "pMMCS-t16-c10": [
            0.025793075561523438,
            0.030656099319458008,
            0.02312183380126953
        ],
        "pMMCS-t16-c5": [
            0.05437111854553223,
            0.030462026596069336,
            0.0288698673248291
        ],
        "pMMCS-t16-c7": [
            0.030118942260742188,
            0.013202905654907227,
            0.03595089912414551
        ],
        "pMMCS-t2": [
            0.0073812007904052734,
            0.007215023040771484,
            0.005914926528930664
        ],
        "pMMCS-t2-c10": [
            0.007180929183959961,
            0.007055044174194336,
            0.006506919860839844
        ],
        "pMMCS-t2-c5": [
            0.007709026336669922,
            0.007918834686279297,
            0.008136987686157227
        ],
        "pMMCS-t2-c7": [
            0.005938053131103516,
            0.00709986686706543,
            0.008059024810791016
        ],
        "pMMCS-t4": [
            0.009672880172729492,
            0.008402824401855469,
            0.013431072235107422
        ],
        "pMMCS-t4-c10": [
            0.011197090148925781,
            0.009903192520141602,
            0.011094093322753906
        ],
        "pMMCS-t4-c5": [
            0.011250019073486328,
            0.012928962707519531,
            0.01415109634399414
        ],
        "pMMCS-t4-c7": [
            0.01179194450378418,
            0.008083820343017578,
            0.011587142944335938
        ],
        "pMMCS-t6": [
            0.011104106903076172,
            0.012825965881347656,
            0.013849020004272461
        ],
        "pMMCS-t6-c10": [
            0.008922815322875977,
            0.011160135269165039,
            0.016112089157104492
        ],
        "pMMCS-t6-c5": [
            0.009546995162963867,
            0.01301717758178711,
            0.011495828628540039
        ],
        "pMMCS-t6-c7": [
            0.011778831481933594,
            0.013144969940185547,
            0.016047000885009766
        ],
        "pMMCS-t8": [
            0.013252019882202148,
            0.012890815734863281,
            0.016434907913208008
        ],
        "pMMCS-t8-c10": [
            0.01588606834411621,
            0.014614105224609375,
            0.013463020324707031
        ],
        "pMMCS-t8-c5": [
            0.012758016586303711,
            0.009923934936523438,
            0.012814044952392578
        ],
        "pMMCS-t8-c7": [
            0.019775867462158203,
            0.017204999923706055,
            0.013506889343261719
        ],
        "pRS": [
            0.005449056625366211,
            0.006536006927490234,
            0.00815892219543457
        ],
        "pRS-c10": [
            0.006000995635986328,
            0.004689216613769531,
            0.008030891418457031
        ],
        "pRS-c5": [
            0.00456690788269043,
            0.007363080978393555,
            0.006070137023925781
        ],
        "pRS-c7": [
            0.00778508186340332,
            0.008322000503540039,
            0.0051767826080322266
        ],
        "pRS-t12": [
            0.029296875,
            0.016088008880615234,
            0.016776084899902344
        ],
        "pRS-t12-c10": [
            0.01532292366027832,
            0.01596689224243164,
            0.01895284652709961
        ],
        "pRS-t12-c5": [
            0.015661001205444336,
            0.026629924774169922,
            0.014343023300170898
        ],
        "pRS-t12-c7": [
            0.013850927352905273,
            0.020977020263671875,
            0.01563096046447754
        ],
        "pRS-t16": [
            0.024763107299804688,
            0.031018972396850586,
            0.020030975341796875
        ],
        "pRS-t16-c10": [
            0.03319215774536133,
            0.031175851821899414,
            0.029897212982177734
        ],
        "pRS-t16-c5": [
            0.028317928314208984,
            0.024271011352539062,
            0.028522014617919922
        ],
        "pRS-t16-c7": [
            0.026917219161987305,
            0.037156105041503906,
            0.02383899688720703
        ],
        "pRS-t2": [
            0.008404970169067383,
            0.0051441192626953125,
            0.0050618648529052734
        ],
        "pRS-t2-c10": [
            0.008759021759033203,
            0.008424043655395508,
            0.007740020751953125
        ],
        "pRS-t2-c5": [
            0.006880998611450195,
            0.007170915603637695,
            0.005263090133666992
        ],
        "pRS-t2-c7": [
            0.0074138641357421875,
            0.005327939987182617,
            0.005795001983642578
        ],
        "pRS-t4": [
            0.013059139251708984,
            0.011350870132446289,
            0.01169896125793457
        ],
        "pRS-t4-c10": [
            0.008747100830078125,
            0.008481979370117188,
            0.008381128311157227
        ],
        "pRS-t4-c5": [
            0.008625984191894531,
            0.012028932571411133,
            0.008914947509765625
        ],
        "pRS-t4-c7": [
            0.010348081588745117,
            0.008529901504516602,
            0.010336160659790039
        ],
        "pRS-t6": [
            0.014070987701416016,
            0.01301884651184082,
            0.012485027313232422
        ],
        "pRS-t6-c10": [
            0.010663986206054688,
            0.010612964630126953,
            0.013190984725952148
        ],
        "pRS-t6-c5": [
            0.011461973190307617,
            0.0171511173248291,
            0.01317906379699707
        ],
        "pRS-t6-c7": [
            0.012104988098144531,
            0.009702920913696289,
            0.01237797737121582
        ],
        "pRS-t8": [
            0.014829158782958984,
            0.016928911209106445,
            0.02463507652282715
        ],
        "pRS-t8-c10": [
            0.009418964385986328,
            0.011787176132202148,
            0.01885199546813965
        ],
        "pRS-t8-c5": [
            0.013669013977050781,
            0.017639875411987305,
            0.01388406753540039
        ],
        "pRS-t8-c7": [
            0.013243913650512695,
            0.018938064575195312,
            0.012305021286010742
        ],
        "primdecomp": [
            0.540611982345581,
            0.5339219570159912,
            0.48161983489990234
        ],
        "rs": [
            0.0035750865936279297,
            0.002321958541870117,
            0.0025610923767089844
        ],
        "staccato": [
            45.58972787857056,
            44.60137414932251,
            47.475013971328735
        ],
        "staccato-c10": [
            45.785187005996704,
            48.48727321624756,
            47.84108901023865
        ],
        "staccato-c5": [
            45.51476502418518,
            44.723578214645386,
            46.638728857040405
        ],
        "staccato-c7": [
            44.861387968063354,
            46.98958492279053,
            47.17724800109863
        ]
    },
    "timeout_secs": 3600,
    "transversal_counts": {
        "primdecomp": [
            253,
            253,
            253
        ]
    }
}