{
    "algs": [
        {
            "algName": "primdecomp",
            "containerName": "compsysmed/primdecomp"
        },
        {
            "algName": "bmr",
            "containerName": "compsysmed/bmr"
        },
        {
            "algName": "dl",
            "containerName": "compsysmed/dl"
        },
        {
            "algName": "fka.begk",
            "containerName": "compsysmed/fka-begk"
        },
        {
            "algName": "hbc",
            "containerName": "compsysmed/hbc"
        },
        {
            "algName": "ks",
            "containerName": "compsysmed/ks"
        },
        {
            "algName": "mhs2",
            "containerName": "compsysmed/mhs2",
            "cutoff": true,
            "slow": true,
            "threads": true
        },
        {
            "algName": "partran",
            "containerName": "compsysmed/partran",
            "slow": true,
            "threads": true
        },
        {
            "algName": "mmcs",
            "config": {
                "MODE": "mmcs"
            },
            "containerName": "compsysmed/shd"
        },
        {
            "algName": "rs",
            "config": {
                "MODE": "rs"
            },
            "containerName": "compsysmed/shd"
        },
        {
            "algName": "htcbdd",
            "config": {
                "MODE": "toda"
            },
            "containerName": "compsysmed/htcbdd"
        },
        {
            "algName": "knuth",
            "config": {
                "MODE": "knuth"
            },
            "containerName": "compsysmed/htcbdd"
        },
        {
            "algName": "bool.iterative",
            "config": {
                "ALGORITHM_NAME": "bool-iterative"
            },
            "containerName": "compsysmed/pymbd",
            "cutoff": true
        },
        {
            "algName": "hst",
            "config": {
                "ALGORITHM_NAME": "hst"
            },
            "containerName": "compsysmed/pymbd",
            "cutoff": true,
            "slow": true
        },
        {
            "algName": "hsdag",
            "config": {
                "ALGORITHM_NAME": "hsdag"
            },
            "containerName": "compsysmed/pymbd",
            "cutoff": true,
            "slow": true
        },
        {
            "algName": "staccato",
            "config": {
                "ALGORITHM_NAME": "staccato"
            },
            "containerName": "compsysmed/pymbd",
            "cutoff": true,
            "slow": true
        },
        {
            "algName": "pMMCS",
            "config": {
                "ALGORITHM": "pmmcs"
            },
            "containerName": "compsysmed/agdmhs",
            "cutoff": true,
            "threads": true
        },
        {
            "algName": "pRS",
            "config": {
                "ALGORITHM": "prs"
            },
            "containerName": "compsysmed/agdmhs",
            "cutoff": true,
            "threads": true
        },
        {
            "algName": "berge",
            "config": {
                "ALGORITHM": "berge"
            },
            "containerName": "compsysmed/agdmhs",
            "cutoff": true,
            "slow": true
        },
        {
            "algName": "bm",
            "config": {
                "ALGORITHM": "bm"
            },
            "containerName": "compsysmed/agdmhs",
            "threads": true
        },
        {
            "algName": "ocsanaGreedy",
            "containerName": "compsysmed/ocsana-greedy",
            "cutoff": true
        }
    ],
    "runtimes": {
        "berge": [
            0.2895631790161133,
            0.31089091300964355,
            0.30512404441833496
        ],
        "berge-c10": [
            0.039515018463134766,
            0.040701866149902344,
            0.028995990753173828
        ],
        "berge-c5": [
            0.025348901748657227,
            0.020964860916137695,
            0.0205230712890625
        ],
        "berge-c7": [
            0.015063047409057617,
            0.020100116729736328,
            0.02369403839111328
        ],
        "bm": [
            1527.155131816864,
            1544.0026021003723,
            1551.7569470405579
        ],
        "bm-t12": [
            318.7466411590576,
            318.92004203796387,
            317.29284405708313
        ],
        "bm-t16": [
            276.6188921928406,
            276.46025013923645,
            276.3250448703766
        ],
        "bm-t2": [
            1146.1816489696503,
            1158.6219820976257,
            1169.993145942688
        ],
        "bm-t4": [
            613.4027950763702,
            614.0257589817047,
            618.4269878864288
        ],
        "bm-t6": [
            439.3972499370575,
            437.81196999549866,
            440.2596158981323
        ],
        "bm-t8": [
            352.97985196113586,
            349.8512969017029,
            352.50393080711365
        ],
        "bmr": [
            0.23629093170166016,
            0.21990394592285156,
            0.19643020629882812
        ],
        "bool.iterative": [
            12.177913904190063,
            12.177007913589478,
            12.21205186843872
        ],
        "bool.iterative-c10": [
            0.05129408836364746,
            0.05742192268371582,
            0.05214810371398926
        ],
        "bool.iterative-c5": [
            0.0022339820861816406,
            0.002117156982421875,
            0.0020799636840820312
        ],
        "bool.iterative-c7": [
            0.00871586799621582,
            0.008771896362304688,
            0.008852005004882812
        ],
        "dl": [
            0.14487791061401367,
            0.14922285079956055,
            0.10639119148254395
        ],
        "fka.begk": [
            8.095818042755127,
            14.8038809299469,
            10.393882036209106
        ],
        "hbc": [
            Infinity
        ],
        "hsdag": [
            Infinity,
            Infinity,
            Infinity
        ],
        "hsdag-c10": [
            1.5130031108856201,
            1.3882341384887695,
            1.5352599620819092
        ],
        "hsdag-c5": [
            0.0028829574584960938,
            0.0029900074005126953,
            0.0028841495513916016
        ],
        "hsdag-c7": [
            0.03529715538024902,
            0.03622293472290039,
            0.03564786911010742
        ],
        "hst": [
            Infinity,
            Infinity,
            Infinity
        ],
        "hst-c10": [
            Infinity,
            Infinity,
            Infinity
        ],
        "hst-c5": [
            0.0024700164794921875,
            0.0022628307342529297,
            0.0022919178009033203
        ],
        "hst-c7": [
            0.14795207977294922,
            0.13769102096557617,
            0.13796710968017578
        ],
        "htcbdd": [
            0.4427309036254883,
            0.3598599433898926,
            0.4024238586425781
        ],
        "knuth": [
            0.30256009101867676,
            0.3672778606414795,
            0.4035921096801758
        ],
        "ks": [
            0.5342190265655518,
            0.5180230140686035,
            0.5128908157348633
        ],
        "mhs2": [
            Infinity,
            Infinity,
            Infinity
        ],
        "mhs2-c10": [
            3095.8740351200104,
            3093.6118280887604,
            2980.928734064102
        ],
        "mhs2-c5": [
            3.0792019367218018,
            3.068843126296997,
            3.0547499656677246
        ],
        "mhs2-c7": [
            77.51482605934143,
            81.37715411186218,
            77.48201417922974
        ],
        "mhs2-t12": [
            Infinity,
            Infinity,
            Infinity
        ],
        "mhs2-t12-c10": [
            752.7304430007935,
            745.8330190181732,
            754.2369201183319
        ],
        "mhs2-t12-c5": [
            0.7333199977874756,
            0.6893031597137451,
            0.6856899261474609
        ],
        "mhs2-t12-c7": [
            16.643303155899048,
            17.150450944900513,
            16.91194200515747
        ],
        "mhs2-t16": [
            Infinity,
            Infinity,
            Infinity
        ],
        "mhs2-t16-c10": [
            737.7730369567871,
            737.4605150222778,
            739.9691069126129
        ],
        "mhs2-t16-c5": [
            0.7552549839019775,
            0.7151169776916504,
            0.6920568943023682
        ],
        "mhs2-t16-c7": [
            16.719401121139526,
            16.784653186798096,
            16.8468759059906
        ],
        "mhs2-t2": [
            Infinity,
            Infinity,
            Infinity
        ],
        "mhs2-t2-c10": [
            1665.603219985962,
            1661.4837110042572,
            1701.583063840866
        ],
        "mhs2-t2-c5": [
            1.7486631870269775,
            1.724229097366333,
            1.7160401344299316
        ],
        "mhs2-t2-c7": [
            42.10490107536316,
            42.11895394325256,
            42.13511085510254
        ],
        "mhs2-t4": [
            Infinity,
            Infinity,
            Infinity
        ],
        "mhs2-t4-c10": [
            1010.5421671867371,
            1006.5063600540161,
            1031.03027510643
        ],
        "mhs2-t4-c5": [
            0.9696540832519531,
            0.9739089012145996,
            0.9555659294128418
        ],
        "mhs2-t4-c7": [
            23.95301604270935,
            23.745003938674927,
            23.62859606742859
        ],
        "mhs2-t6": [
            Infinity,
            Infinity,
            Infinity
        ],
        "mhs2-t6-c10": [
            821.8549180030823,
            819.2476570606232,
            819.1558408737183
        ],
        "mhs2-t6-c5": [
            0.9602868556976318,
            0.768488883972168,
            0.775994062423706
        ],
        "mhs2-t6-c7": [
            19.240123987197876,
            19.170512199401855,
            18.732264041900635
        ],
        "mhs2-t8": [
            Infinity,
            Infinity,
            Infinity
        ],
        "mhs2-t8-c10": [
            804.5004920959473,
            789.4988629817963,
            795.4154069423676
        ],
        "mhs2-t8-c5": [
            0.6879661083221436,
            0.867966890335083,
            0.6848089694976807
        ],
        "mhs2-t8-c7": [
            17.62517786026001,
            18.055710077285767,
            17.400810956954956
        ],
        "mmcs": [
            0.009849071502685547,
            0.007525920867919922,
            0.0065610408782958984
        ],
        "ocsanaGreedy": [
            Infinity,
            Infinity,
            Infinity
        ],
        "ocsanaGreedy-c10": [
            Infinity,
            Infinity,
            Infinity
        ],
        "ocsanaGreedy-c5": [
            3177.445744037628,
            3087.799243927002,
            3548.7444298267365
        ],
        "ocsanaGreedy-c7": [
            Infinity,
            Infinity,
            Infinity
        ],
        "pMMCS": [
            0.07222485542297363,
            0.08915305137634277,
            0.08299112319946289
        ],
        "pMMCS-c10": [
            0.017163991928100586,
            0.012098073959350586,
            0.009674072265625
        ],
        "pMMCS-c5": [
            0.007433891296386719,
            0.005491971969604492,
            0.00398707389831543
        ],
        "pMMCS-c7": [
            0.004878044128417969,
            0.00811004638671875,
            0.007874011993408203
        ],
        "pMMCS-t12": [
            0.033323049545288086,
            0.03226113319396973,
            0.03015899658203125
        ],
        "pMMCS-t12-c10": [
            0.011708974838256836,
            0.018865108489990234,
            0.0205230712890625
        ],
        "pMMCS-t12-c5": [
            0.015568017959594727,
            0.015399932861328125,
            0.016895055770874023
        ],
        "pMMCS-t12-c7": [
            0.01678299903869629,
            0.015146017074584961,
            0.0186769962310791
        ],
        "pMMCS-t16": [
            0.04828906059265137,
            0.05096793174743652,
            0.040450096130371094
        ],
        "pMMCS-t16-c10": [
            0.022726058959960938,
            0.024046897888183594,
            0.02329087257385254
        ],
        "pMMCS-t16-c5": [
            0.05183577537536621,
            0.023831844329833984,
            0.027410030364990234
        ],
        "pMMCS-t16-c7": [
            0.02704906463623047,
            0.020802021026611328,
            0.0249021053314209
        ],
        "pMMCS-t2": [
            0.05118584632873535,
            0.05377078056335449,
            0.05373692512512207
        ],
        "pMMCS-t2-c10": [
            0.008596181869506836,
            0.010421037673950195,
            0.008918046951293945
        ],
        "pMMCS-t2-c5": [
            0.006620883941650391,
            0.0055010318756103516,
            0.007616996765136719
        ],
        "pMMCS-t2-c7": [
            0.008728981018066406,
            0.006307125091552734,
            0.005316019058227539
        ],
        "pMMCS-t4": [
            0.03369498252868652,
            0.03220796585083008,
            0.03715205192565918
        ],
        "pMMCS-t4-c10": [
            0.011295080184936523,
            0.011548042297363281,
            0.010159969329833984
        ],
        "pMMCS-t4-c5": [
            0.012401819229125977,
            0.010205984115600586,
            0.010387897491455078
        ],
        "pMMCS-t4-c7": [
            0.009207963943481445,
            0.013459920883178711,
            0.00892019271850586
        ],
        "pMMCS-t6": [
            0.02913188934326172,
            0.02940082550048828,
            0.03808999061584473
        ],
        "pMMCS-t6-c10": [
            0.012012004852294922,
            0.011522054672241211,
            0.014522075653076172
        ],
        "pMMCS-t6-c5": [
            0.010757923126220703,
            0.009010076522827148,
            0.010483026504516602
        ],
        "pMMCS-t6-c7": [
            0.013203859329223633,
            0.013397932052612305,
            0.0073168277740478516
        ],
        "pMMCS-t8": [
            0.027178049087524414,
            0.02885603904724121,
            0.033299922943115234
        ],
        "pMMCS-t8-c10": [
            0.015249967575073242,
            0.016603946685791016,
            0.01704883575439453
        ],
        "pMMCS-t8-c5": [
            0.014171123504638672,
            0.013743877410888672,
            0.013550996780395508
        ],
        "pMMCS-t8-c7": [
            0.012871980667114258,
            0.013312101364135742,
            0.019782066345214844
        ],
        "pRS": [
            0.04471302032470703,
            0.04161787033081055,
            0.05524110794067383
        ],
        "pRS-c10": [
            0.007077217102050781,
            0.007877111434936523,
            0.008157968521118164
        ],
        "pRS-c5": [
            0.006311178207397461,
            0.0052568912506103516,
            0.006029844284057617
        ],
        "pRS-c7": [
            0.007259845733642578,
            0.004452943801879883,
            0.00540614128112793
        ],
        "pRS-t12": [
            0.03512883186340332,
            0.03311491012573242,
            0.031100034713745117
        ],
        "pRS-t12-c10": [
            0.019516944885253906,
            0.017388105392456055,
            0.018255949020385742
        ],
        "pRS-t12-c5": [
            0.01972198486328125,
            0.01891303062438965,
            0.014646053314208984
        ],
        "pRS-t12-c7": [
            0.014575004577636719,
            0.027933120727539062,
            0.011963844299316406
        ],
        "pRS-t16": [
            0.04012012481689453,
            0.041702985763549805,
            0.04994392395019531
        ],
        "pRS-t16-c10": [
            0.03361916542053223,
            0.04219985008239746,
            0.017192840576171875
        ],
        "pRS-t16-c5": [
            0.033264875411987305,
            0.028133153915405273,
            0.036561012268066406
        ],
        "pRS-t16-c7": [
            0.018672943115234375,
            0.032508134841918945,
            0.029623031616210938
        ],
        "pRS-t2": [
            0.04309797286987305,
            0.040242910385131836,
            0.04020404815673828
        ],
        "pRS-t2-c10": [
            0.005799055099487305,
            0.00592803955078125,
            0.006657123565673828
        ],
        "pRS-t2-c5": [
            0.006410121917724609,
            0.006663084030151367,
            0.004665851593017578
        ],
        "pRS-t2-c7": [
            0.00704503059387207,
            0.007444143295288086,
            0.006700992584228516
        ],
        "pRS-t4": [
            0.03324007987976074,
            0.031868934631347656,
            0.041635990142822266
        ],
        "pRS-t4-c10": [
            0.008976936340332031,
            0.00908207893371582,
            0.008650064468383789
        ],
        "pRS-t4-c5": [
            0.009340047836303711,
            0.010066032409667969,
            0.00707697868347168
        ],
        "pRS-t4-c7": [
            0.011610031127929688,
            0.008785009384155273,
            0.009422063827514648
        ],
        "pRS-t6": [
            0.032649993896484375,
            0.03130197525024414,
            0.03446698188781738
        ],
        "pRS-t6-c10": [
            0.011749982833862305,
            0.01607489585876465,
            0.011569023132324219
        ],
        "pRS-t6-c5": [
            0.008124113082885742,
            0.010383129119873047,
            0.013856887817382812
        ],
        "pRS-t6-c7": [
            0.015659093856811523,
            0.009953975677490234,
            0.010582923889160156
        ],
        "pRS-t8": [
            0.030035018920898438,
            0.02570486068725586,
            0.0420379638671875
        ],
        "pRS-t8-c10": [
            0.016741037368774414,
            0.013475894927978516,
            0.014614105224609375
        ],
        "pRS-t8-c5": [
            0.023940086364746094,
            0.018280982971191406,
            0.012642145156860352
        ],
        "pRS-t8-c7": [
            0.011332035064697266,
            0.011610031127929688,
            0.018388032913208008
        ],
        "partran": [
            295.37178111076355,
            289.4099028110504,
            288.37527990341187
        ],
        "partran-t12": [
            146.68093919754028,
            148.01768279075623,
            154.12196898460388
        ],
        "partran-t16": [
            165.8192789554596,
            162.81375980377197,
            161.4083058834076
        ],
        "partran-t2": [
            177.0734670162201,
            177.3307089805603,
            174.10664200782776
        ],
        "partran-t4": [
            127.57220411300659,
            127.56426692008972,
            127.9796450138092
        ],
        "partran-t6": [
            121.0862090587616,
            121.3543450832367,
            121.81573581695557
        ],
        "partran-t8": [
            123.27322483062744,
            120.0767970085144,
            120.04355192184448
        ],
        "primdecomp": [
            1.0141839981079102,
            0.9526059627532959,
            1.0125341415405273
        ],
        "rs": [
            0.007844924926757812,
            0.006741046905517578,
            0.007871150970458984
        ],
        "staccato": [
            Infinity,
            Infinity,
            Infinity
        ],
        "staccato-c10": [
            Infinity,
            Infinity,
            Infinity
        ],
        "staccato-c5": [
            Infinity,
            Infinity,
            Infinity
        ],
        "staccato-c7": [
            Infinity,
            Infinity,
            Infinity
        ]
    },
    "timeout_secs": 3600,
    "transversal_counts": {
        "primdecomp": [
            1340,
            1340,
            1340
        ]
    }
}