{
    "algs": [
        {
            "algName": "primdecomp",
            "containerName": "compsysmed/primdecomp"
        },
        {
            "algName": "bmr",
            "containerName": "compsysmed/bmr"
        },
        {
            "algName": "dl",
            "containerName": "compsysmed/dl"
        },
        {
            "algName": "fka.begk",
            "containerName": "compsysmed/fka-begk"
        },
        {
            "algName": "hbc",
            "containerName": "compsysmed/hbc"
        },
        {
            "algName": "ks",
            "containerName": "compsysmed/ks"
        },
        {
            "algName": "mhs2",
            "containerName": "compsysmed/mhs2",
            "cutoff": true,
            "slow": true,
            "threads": true
        },
        {
            "algName": "partran",
            "containerName": "compsysmed/partran",
            "slow": true,
            "threads": true
        },
        {
            "algName": "mmcs",
            "config": {
                "MODE": "mmcs"
            },
            "containerName": "compsysmed/shd"
        },
        {
            "algName": "rs",
            "config": {
                "MODE": "rs"
            },
            "containerName": "compsysmed/shd"
        },
        {
            "algName": "htcbdd",
            "config": {
                "MODE": "toda"
            },
            "containerName": "compsysmed/htcbdd"
        },
        {
            "algName": "knuth",
            "config": {
                "MODE": "knuth"
            },
            "containerName": "compsysmed/htcbdd"
        },
        {
            "algName": "bool.iterative",
            "config": {
                "ALGORITHM_NAME": "bool-iterative"
            },
            "containerName": "compsysmed/pymbd",
            "cutoff": true
        },
        {
            "algName": "hst",
            "config": {
                "ALGORITHM_NAME": "hst"
            },
            "containerName": "compsysmed/pymbd",
            "cutoff": true,
            "slow": true
        },
        {
            "algName": "hsdag",
            "config": {
                "ALGORITHM_NAME": "hsdag"
            },
            "containerName": "compsysmed/pymbd",
            "cutoff": true,
            "slow": true
        },
        {
            "algName": "staccato",
            "config": {
                "ALGORITHM_NAME": "staccato"
            },
            "containerName": "compsysmed/pymbd",
            "cutoff": true,
            "slow": true
        },
        {
            "algName": "pMMCS",
            "config": {
                "ALGORITHM": "pmmcs"
            },
            "containerName": "compsysmed/agdmhs",
            "cutoff": true,
            "threads": true
        },
        {
            "algName": "pRS",
            "config": {
                "ALGORITHM": "prs"
            },
            "containerName": "compsysmed/agdmhs",
            "cutoff": true,
            "threads": true
        },
        {
            "algName": "berge",
            "config": {
                "ALGORITHM": "berge"
            },
            "containerName": "compsysmed/agdmhs",
            "cutoff": true,
            "slow": true
        },
        {
            "algName": "bm",
            "config": {
                "ALGORITHM": "bm"
            },
            "containerName": "compsysmed/agdmhs",
            "threads": true
        },
        {
            "algName": "ocsanaGreedy",
            "containerName": "compsysmed/ocsana-greedy",
            "cutoff": true
        }
    ],
    "runtimes": {
        "berge": [
            2067.0671360492706,
            2065.6659071445465,
            2063.04296207428
        ],
        "berge-c10": [
            17.790642023086548,
            17.721550941467285,
            17.917295932769775
        ],
        "berge-c5": [
            1.7186369895935059,
            1.7004120349884033,
            1.6894428730010986
        ],
        "berge-c7": [
            7.762028932571411,
            7.714087963104248,
            7.860025882720947
        ],
        "bm": [
            Infinity,
            Infinity,
            Infinity
        ],
        "bm-t12": [
            Infinity,
            Infinity,
            Infinity
        ],
        "bm-t16": [
            Infinity,
            Infinity,
            Infinity
        ],
        "bm-t2": [
            Infinity,
            Infinity,
            Infinity
        ],
        "bm-t4": [
            Infinity,
            Infinity,
            Infinity
        ],
        "bm-t6": [
            Infinity,
            Infinity,
            Infinity
        ],
        "bm-t8": [
            Infinity,
            Infinity,
            Infinity
        ],
        "bmr": [
            22.274325847625732,
            22.16447401046753,
            22.25758719444275
        ],
        "bool.iterative": [
            2865.4239869117737,
            2860.6915950775146,
            2870.6329669952393
        ],
        "bool.iterative-c10": [
            8.680095911026001,
            8.699869155883789,
            8.662130117416382
        ],
        "bool.iterative-c5": [
            0.3586161136627197,
            0.3548879623413086,
            0.37727880477905273
        ],
        "bool.iterative-c7": [
            1.5162138938903809,
            1.554966926574707,
            1.5308899879455566
        ],
        "dl": [
            39.6605339050293,
            39.67027020454407,
            39.54988694190979
        ],
        "fka.begk": [
            905.734710931778,
            705.0654768943787,
            528.999589920044
        ],
        "hbc": [
            Infinity
        ],
        "hsdag": [
            Infinity,
            Infinity,
            Infinity
        ],
        "hsdag-c10": [
            4.292704105377197,
            4.349714040756226,
            4.3457770347595215
        ],
        "hsdag-c5": [
            0.01907801628112793,
            0.018985986709594727,
            0.019230127334594727
        ],
        "hsdag-c7": [
            0.0833120346069336,
            0.08390116691589355,
            0.08392095565795898
        ],
        "hst": [
            Infinity,
            Infinity,
            Infinity
        ],
        "hst-c10": [
            Infinity,
            Infinity,
            Infinity
        ],
        "hst-c5": [
            0.017394065856933594,
            0.016457080841064453,
            0.017282962799072266
        ],
        "hst-c7": [
            0.21514415740966797,
            0.2129662036895752,
            0.2160019874572754
        ],
        "htcbdd": [
            0.5242810249328613,
            0.5073068141937256,
            0.5013790130615234
        ],
        "knuth": [
            Infinity
        ],
        "ks": [
            169.4999041557312,
            168.641371011734,
            169.09572505950928
        ],
        "mhs2": [
            Infinity,
            Infinity,
            Infinity
        ],
        "mhs2-c10": [
            Infinity,
            Infinity,
            Infinity
        ],
        "mhs2-c5": [
            513.5209059715271,
            513.8647599220276,
            513.6117761135101
        ],
        "mhs2-c7": [
            Infinity,
            Infinity,
            Infinity
        ],
        "mhs2-t12": [
            Infinity,
            Infinity,
            Infinity
        ],
        "mhs2-t12-c10": [
            Infinity,
            Infinity,
            Infinity
        ],
        "mhs2-t12-c5": [
            75.94239091873169,
            76.84816789627075,
            75.49735498428345
        ],
        "mhs2-t12-c7": [
            2584.8335149288177,
            2600.167807817459,
            2595.293178796768
        ],
        "mhs2-t16": [
            Infinity,
            Infinity,
            Infinity
        ],
        "mhs2-t16-c10": [
            Infinity,
            Infinity,
            Infinity
        ],
        "mhs2-t16-c5": [
            66.5122401714325,
            67.11820983886719,
            66.67433285713196
        ],
        "mhs2-t16-c7": [
            2280.6153149604797,
            2316.85187292099,
            2343.5979180336
        ],
        "mhs2-t2": [
            Infinity,
            Infinity,
            Infinity
        ],
        "mhs2-t2-c10": [
            Infinity,
            Infinity,
            Infinity
        ],
        "mhs2-t2-c5": [
            272.807256937027,
            273.1080620288849,
            272.9847631454468
        ],
        "mhs2-t2-c7": [
            Infinity,
            Infinity,
            Infinity
        ],
        "mhs2-t4": [
            Infinity,
            Infinity,
            Infinity
        ],
        "mhs2-t4-c10": [
            Infinity,
            Infinity,
            Infinity
        ],
        "mhs2-t4-c5": [
            146.81994605064392,
            146.42244791984558,
            147.0440890789032
        ],
        "mhs2-t4-c7": [
            Infinity,
            Infinity,
            Infinity
        ],
        "mhs2-t6": [
            Infinity,
            Infinity,
            Infinity
        ],
        "mhs2-t6-c10": [
            Infinity,
            Infinity,
            Infinity
        ],
        "mhs2-t6-c5": [
            105.76404023170471,
            105.85178184509277,
            105.80248808860779
        ],
        "mhs2-t6-c7": [
            Infinity,
            Infinity,
            Infinity
        ],
        "mhs2-t8": [
            Infinity,
            Infinity,
            Infinity
        ],
        "mhs2-t8-c10": [
            Infinity,
            Infinity,
            Infinity
        ],
        "mhs2-t8-c5": [
            84.63190913200378,
            86.52563881874084,
            84.76820087432861
        ],
        "mhs2-t8-c7": [
            3050.5838210582733,
            3061.120957136154,
            3051.3599989414215
        ],
        "mmcs": [
            1.3568379878997803,
            1.3049981594085693,
            1.3401658535003662
        ],
        "ocsanaGreedy": [
            Infinity,
            Infinity,
            Infinity
        ],
        "ocsanaGreedy-c10": [
            Infinity,
            Infinity,
            Infinity
        ],
        "ocsanaGreedy-c5": [
            Infinity,
            Infinity,
            Infinity
        ],
        "ocsanaGreedy-c7": [
            Infinity,
            Infinity,
            Infinity
        ],
        "pMMCS": [
            3.2549479007720947,
            3.2097182273864746,
            3.1231191158294678
        ],
        "pMMCS-c10": [
            0.29276394844055176,
            0.29201507568359375,
            0.29401206970214844
        ],
        "pMMCS-c5": [
            0.07967114448547363,
            0.07444596290588379,
            0.06757187843322754
        ],
        "pMMCS-c7": [
            0.1186678409576416,
            0.11528706550598145,
            0.12516498565673828
        ],
        "pMMCS-t12": [
            0.7943398952484131,
            0.7639658451080322,
            0.7888209819793701
        ],
        "pMMCS-t12-c10": [
            0.16449308395385742,
            0.15478992462158203,
            0.16247892379760742
        ],
        "pMMCS-t12-c5": [
            0.10007381439208984,
            0.10059285163879395,
            0.11417007446289062
        ],
        "pMMCS-t12-c7": [
            0.1271228790283203,
            0.13991999626159668,
            0.11482405662536621
        ],
        "pMMCS-t16": [
            0.7385239601135254,
            0.7777221202850342,
            0.7344448566436768
        ],
        "pMMCS-t16-c10": [
            0.15068888664245605,
            0.17342114448547363,
            0.13116812705993652
        ],
        "pMMCS-t16-c5": [
            0.13357996940612793,
            0.11140203475952148,
            0.12591195106506348
        ],
        "pMMCS-t16-c7": [
            0.12831497192382812,
            0.1397690773010254,
            0.12660002708435059
        ],
        "pMMCS-t2": [
            2.261733055114746,
            2.220496892929077,
            2.3637211322784424
        ],
        "pMMCS-t2-c10": [
            0.2477121353149414,
            0.24708795547485352,
            0.24441814422607422
        ],
        "pMMCS-t2-c5": [
            0.09009099006652832,
            0.08476996421813965,
            0.0843360424041748
        ],
        "pMMCS-t2-c7": [
            0.1166679859161377,
            0.1127939224243164,
            0.11834383010864258
        ],
        "pMMCS-t4": [
            1.3179101943969727,
            1.2868328094482422,
            1.29213285446167
        ],
        "pMMCS-t4-c10": [
            0.18913006782531738,
            0.18822503089904785,
            0.1833479404449463
        ],
        "pMMCS-t4-c5": [
            0.08830094337463379,
            0.09070110321044922,
            0.09362101554870605
        ],
        "pMMCS-t4-c7": [
            0.10767316818237305,
            0.10896897315979004,
            0.10622310638427734
        ],
        "pMMCS-t6": [
            1.0080339908599854,
            1.01568603515625,
            0.9742138385772705
        ],
        "pMMCS-t6-c10": [
            0.16807794570922852,
            0.16782903671264648,
            0.1564631462097168
        ],
        "pMMCS-t6-c5": [
            0.09474301338195801,
            0.09492206573486328,
            0.08707189559936523
        ],
        "pMMCS-t6-c7": [
            0.10551095008850098,
            0.10500788688659668,
            0.10613179206848145
        ],
        "pMMCS-t8": [
            0.8402960300445557,
            0.8329639434814453,
            0.8039569854736328
        ],
        "pMMCS-t8-c10": [
            0.14655113220214844,
            0.16232013702392578,
            0.16273999214172363
        ],
        "pMMCS-t8-c5": [
            0.0715489387512207,
            0.09572887420654297,
            0.09589314460754395
        ],
        "pMMCS-t8-c7": [
            0.10834693908691406,
            0.10635495185852051,
            0.10336899757385254
        ],
        "pRS": [
            4.719390869140625,
            4.673630952835083,
            4.6613609790802
        ],
        "pRS-c10": [
            0.16359782218933105,
            0.17254304885864258,
            0.1678159236907959
        ],
        "pRS-c5": [
            0.032217979431152344,
            0.06507396697998047,
            0.06611394882202148
        ],
        "pRS-c7": [
            0.10520696640014648,
            0.09911298751831055,
            0.10305404663085938
        ],
        "pRS-t12": [
            0.9551901817321777,
            1.0138168334960938,
            1.061401128768921
        ],
        "pRS-t12-c10": [
            0.11841917037963867,
            0.10753583908081055,
            0.12400102615356445
        ],
        "pRS-t12-c5": [
            0.07989287376403809,
            0.08627200126647949,
            0.08155107498168945
        ],
        "pRS-t12-c7": [
            0.11227107048034668,
            0.09359908103942871,
            0.1053931713104248
        ],
        "pRS-t16": [
            0.9614300727844238,
            0.9669358730316162,
            0.9259998798370361
        ],
        "pRS-t16-c10": [
            0.15299296379089355,
            0.12870311737060547,
            0.1346879005432129
        ],
        "pRS-t16-c5": [
            0.08459091186523438,
            0.113861083984375,
            0.11554694175720215
        ],
        "pRS-t16-c7": [
            0.1100149154663086,
            0.11446285247802734,
            0.09722495079040527
        ],
        "pRS-t2": [
            2.7662198543548584,
            2.670206069946289,
            2.6604511737823486
        ],
        "pRS-t2-c10": [
            0.14640593528747559,
            0.12396502494812012,
            0.14867019653320312
        ],
        "pRS-t2-c5": [
            0.06511116027832031,
            0.06567192077636719,
            0.06286406517028809
        ],
        "pRS-t2-c7": [
            0.08649015426635742,
            0.086212158203125,
            0.09055209159851074
        ],
        "pRS-t4": [
            1.6475520133972168,
            1.5382750034332275,
            1.5430548191070557
        ],
        "pRS-t4-c10": [
            0.12291288375854492,
            0.12775278091430664,
            0.12227106094360352
        ],
        "pRS-t4-c5": [
            0.06761884689331055,
            0.06937813758850098,
            0.0668940544128418
        ],
        "pRS-t4-c7": [
            0.07962799072265625,
            0.08500814437866211,
            0.08956503868103027
        ],
        "pRS-t6": [
            1.2741749286651611,
            1.286958932876587,
            1.2360739707946777
        ],
        "pRS-t6-c10": [
            0.1271970272064209,
            0.12252187728881836,
            0.12441396713256836
        ],
        "pRS-t6-c5": [
            0.06424903869628906,
            0.06528902053833008,
            0.06321001052856445
        ],
        "pRS-t6-c7": [
            0.08685994148254395,
            0.08112311363220215,
            0.0899050235748291
        ],
        "pRS-t8": [
            0.9924459457397461,
            1.0173680782318115,
            1.1257009506225586
        ],
        "pRS-t8-c10": [
            0.1131901741027832,
            0.11492085456848145,
            0.1103661060333252
        ],
        "pRS-t8-c5": [
            0.06929397583007812,
            0.07297801971435547,
            0.06711292266845703
        ],
        "pRS-t8-c7": [
            0.0819849967956543,
            0.08822894096374512,
            0.08177304267883301
        ],
        "partran": [
            Infinity
        ],
        "partran-t12": [
            Infinity
        ],
        "partran-t16": [
            Infinity
        ],
        "partran-t2": [
            Infinity
        ],
        "partran-t4": [
            Infinity
        ],
        "partran-t6": [
            Infinity
        ],
        "partran-t8": [
            Infinity
        ],
        "primdecomp": [
            13.715741157531738,
            13.91086196899414,
            13.905410051345825
        ],
        "rs": [
            1.2690680027008057,
            1.3856709003448486,
            1.3330929279327393
        ],
        "staccato": [
            Infinity,
            Infinity,
            Infinity
        ],
        "staccato-c10": [
            Infinity,
            Infinity,
            Infinity
        ],
        "staccato-c5": [
            Infinity,
            Infinity,
            Infinity
        ],
        "staccato-c7": [
            Infinity,
            Infinity,
            Infinity
        ]
    },
    "timeout_secs": 3600,
    "transversal_counts": {
        "primdecomp": [
            13116,
            13116,
            13116
        ]
    }
}