{
    "algs": [
        {
            "algName": "primdecomp",
            "containerName": "compsysmed/primdecomp"
        },
        {
            "algName": "bmr",
            "containerName": "compsysmed/bmr"
        },
        {
            "algName": "dl",
            "containerName": "compsysmed/dl"
        },
        {
            "algName": "fka.begk",
            "containerName": "compsysmed/fka-begk"
        },
        {
            "algName": "hbc",
            "containerName": "compsysmed/hbc"
        },
        {
            "algName": "ks",
            "containerName": "compsysmed/ks"
        },
        {
            "algName": "mhs2",
            "containerName": "compsysmed/mhs2",
            "cutoff": true,
            "slow": true,
            "threads": true
        },
        {
            "algName": "partran",
            "containerName": "compsysmed/partran",
            "slow": true,
            "threads": true
        },
        {
            "algName": "mmcs",
            "config": {
                "MODE": "mmcs"
            },
            "containerName": "compsysmed/shd"
        },
        {
            "algName": "rs",
            "config": {
                "MODE": "rs"
            },
            "containerName": "compsysmed/shd"
        },
        {
            "algName": "htcbdd",
            "config": {
                "MODE": "toda"
            },
            "containerName": "compsysmed/htcbdd"
        },
        {
            "algName": "knuth",
            "config": {
                "MODE": "knuth"
            },
            "containerName": "compsysmed/htcbdd"
        },
        {
            "algName": "bool.iterative",
            "config": {
                "ALGORITHM_NAME": "bool-iterative"
            },
            "containerName": "compsysmed/pymbd",
            "cutoff": true
        },
        {
            "algName": "hst",
            "config": {
                "ALGORITHM_NAME": "hst"
            },
            "containerName": "compsysmed/pymbd",
            "cutoff": true,
            "slow": true
        },
        {
            "algName": "hsdag",
            "config": {
                "ALGORITHM_NAME": "hsdag"
            },
            "containerName": "compsysmed/pymbd",
            "cutoff": true,
            "slow": true
        },
        {
            "algName": "staccato",
            "config": {
                "ALGORITHM_NAME": "staccato"
            },
            "containerName": "compsysmed/pymbd",
            "cutoff": true,
            "slow": true
        },
        {
            "algName": "pMMCS",
            "config": {
                "ALGORITHM": "pmmcs"
            },
            "containerName": "compsysmed/agdmhs",
            "cutoff": true,
            "threads": true
        },
        {
            "algName": "pRS",
            "config": {
                "ALGORITHM": "prs"
            },
            "containerName": "compsysmed/agdmhs",
            "cutoff": true,
            "threads": true
        },
        {
            "algName": "berge",
            "config": {
                "ALGORITHM": "berge"
            },
            "containerName": "compsysmed/agdmhs",
            "cutoff": true,
            "slow": true
        },
        {
            "algName": "bm",
            "config": {
                "ALGORITHM": "bm"
            },
            "containerName": "compsysmed/agdmhs",
            "threads": true
        },
        {
            "algName": "ocsanaGreedy",
            "containerName": "compsysmed/ocsana-greedy",
            "cutoff": true
        }
    ],
    "runtimes": {
        "berge": [
            9.89148211479187,
            9.693753004074097,
            9.930968999862671
        ],
        "berge-c10": [
            0.08746480941772461,
            0.12220501899719238,
            0.1192481517791748
        ],
        "berge-c5": [
            0.04561495780944824,
            0.04047799110412598,
            0.023675918579101562
        ],
        "berge-c7": [
            0.059652090072631836,
            0.04717588424682617,
            0.06622099876403809
        ],
        "bm": [
            Infinity,
            Infinity,
            Infinity
        ],
        "bm-t12": [
            Infinity,
            Infinity,
            Infinity
        ],
        "bm-t16": [
            Infinity,
            Infinity,
            Infinity
        ],
        "bm-t2": [
            Infinity,
            Infinity,
            Infinity
        ],
        "bm-t4": [
            Infinity,
            Infinity,
            Infinity
        ],
        "bm-t6": [
            Infinity,
            Infinity,
            Infinity
        ],
        "bm-t8": [
            Infinity,
            Infinity,
            Infinity
        ],
        "bmr": [
            3.0633761882781982,
            2.9729671478271484,
            2.987276077270508
        ],
        "bool.iterative": [
            3311.6226880550385,
            3115.058923959732,
            3057.6219770908356
        ],
        "bool.iterative-c10": [
            0.2946450710296631,
            0.2882871627807617,
            0.29127001762390137
        ],
        "bool.iterative-c5": [
            0.006430864334106445,
            0.0045239925384521484,
            0.004608154296875
        ],
        "bool.iterative-c7": [
            0.02854299545288086,
            0.028493881225585938,
            0.028759002685546875
        ],
        "dl": [
            4.076133966445923,
            4.309592008590698,
            4.247190952301025
        ],
        "fka.begk": [
            142.60939502716064,
            152.4404640197754,
            188.10459804534912
        ],
        "hbc": [
            Infinity
        ],
        "hsdag": [
            Infinity,
            Infinity,
            Infinity
        ],
        "hsdag-c10": [
            3.091282844543457,
            3.0872161388397217,
            3.237694025039673
        ],
        "hsdag-c5": [
            0.0030281543731689453,
            0.003047943115234375,
            0.002991914749145508
        ],
        "hsdag-c7": [
            0.04038405418395996,
            0.04010796546936035,
            0.05318784713745117
        ],
        "hst": [
            Infinity,
            Infinity,
            Infinity
        ],
        "hst-c10": [
            Infinity,
            Infinity,
            Infinity
        ],
        "hst-c5": [
            0.002157926559448242,
            0.002115011215209961,
            0.0021131038665771484
        ],
        "hst-c7": [
            0.17299294471740723,
            0.15724682807922363,
            0.12637782096862793
        ],
        "htcbdd": [
            0.4862678050994873,
            0.5038719177246094,
            0.5345849990844727
        ],
        "knuth": [
            Infinity
        ],
        "ks": [
            2.446014881134033,
            2.455490827560425,
            2.4232351779937744
        ],
        "mhs2": [
            Infinity,
            Infinity,
            Infinity
        ],
        "mhs2-c10": [
            Infinity,
            Infinity,
            Infinity
        ],
        "mhs2-c5": [
            9.010419130325317,
            8.80993103981018,
            9.063329935073853
        ],
        "mhs2-c7": [
            291.72858905792236,
            289.6613349914551,
            291.8613269329071
        ],
        "mhs2-t12": [
            Infinity,
            Infinity,
            Infinity
        ],
        "mhs2-t12-c10": [
            3109.0189299583435,
            3113.134822845459,
            3086.440493822098
        ],
        "mhs2-t12-c5": [
            1.631803035736084,
            1.6386339664459229,
            1.6442389488220215
        ],
        "mhs2-t12-c7": [
            51.507373094558716,
            51.83848214149475,
            51.31480693817139
        ],
        "mhs2-t16": [
            Infinity,
            Infinity,
            Infinity
        ],
        "mhs2-t16-c10": [
            2984.8025460243225,
            2983.096132040024,
            2976.643243074417
        ],
        "mhs2-t16-c5": [
            1.5716681480407715,
            1.4932901859283447,
            1.5061211585998535
        ],
        "mhs2-t16-c7": [
            48.670632123947144,
            48.030710220336914,
            48.06915998458862
        ],
        "mhs2-t2": [
            Infinity,
            Infinity,
            Infinity
        ],
        "mhs2-t2-c10": [
            Infinity,
            Infinity,
            Infinity
        ],
        "mhs2-t2-c5": [
            4.718688011169434,
            4.672167062759399,
            4.789394855499268
        ],
        "mhs2-t2-c7": [
            161.5183310508728,
            161.0766761302948,
            161.4829330444336
        ],
        "mhs2-t4": [
            Infinity,
            Infinity,
            Infinity
        ],
        "mhs2-t4-c10": [
            Infinity,
            Infinity,
            Infinity
        ],
        "mhs2-t4-c5": [
            2.801190137863159,
            2.7011590003967285,
            2.69313907623291
        ],
        "mhs2-t4-c7": [
            87.33888816833496,
            88.03477907180786,
            87.92690992355347
        ],
        "mhs2-t6": [
            Infinity,
            Infinity,
            Infinity
        ],
        "mhs2-t6-c10": [
            Infinity,
            Infinity,
            Infinity
        ],
        "mhs2-t6-c5": [
            2.024310827255249,
            2.1405210494995117,
            1.9634671211242676
        ],
        "mhs2-t6-c7": [
            63.9722740650177,
            63.252426862716675,
            63.48976016044617
        ],
        "mhs2-t8": [
            Infinity,
            Infinity,
            Infinity
        ],
        "mhs2-t8-c10": [
            3407.4310159683228,
            3447.939409971237,
            3382.779433965683
        ],
        "mhs2-t8-c5": [
            1.764833927154541,
            1.6136131286621094,
            1.772873878479004
        ],
        "mhs2-t8-c7": [
            57.81459712982178,
            60.26799488067627,
            56.749210834503174
        ],
        "mmcs": [
            0.033612966537475586,
            0.050637006759643555,
            0.04845094680786133
        ],
        "ocsanaGreedy": [
            Infinity,
            Infinity,
            Infinity
        ],
        "ocsanaGreedy-c10": [
            Infinity,
            Infinity,
            Infinity
        ],
        "ocsanaGreedy-c5": [
            Infinity,
            Infinity,
            Infinity
        ],
        "ocsanaGreedy-c7": [
            Infinity,
            Infinity,
            Infinity
        ],
        "pMMCS": [
            0.4611470699310303,
            0.4439980983734131,
            0.47780704498291016
        ],
        "pMMCS-c10": [
            0.03820490837097168,
            0.027574777603149414,
            0.030080080032348633
        ],
        "pMMCS-c5": [
            0.007786989212036133,
            0.006555080413818359,
            0.007194995880126953
        ],
        "pMMCS-c7": [
            0.008762121200561523,
            0.0070188045501708984,
            0.0066640377044677734
        ],
        "pMMCS-t12": [
            0.12733912467956543,
            0.1557910442352295,
            0.14967608451843262
        ],
        "pMMCS-t12-c10": [
            0.023603200912475586,
            0.02147984504699707,
            0.02320694923400879
        ],
        "pMMCS-t12-c5": [
            0.02601313591003418,
            0.0181119441986084,
            0.018720149993896484
        ],
        "pMMCS-t12-c7": [
            0.012836933135986328,
            0.018340110778808594,
            0.01810908317565918
        ],
        "pMMCS-t16": [
            0.1348118782043457,
            0.14979887008666992,
            0.1398909091949463
        ],
        "pMMCS-t16-c10": [
            0.029987096786499023,
            0.03476405143737793,
            0.04073500633239746
        ],
        "pMMCS-t16-c5": [
            0.05868697166442871,
            0.030924081802368164,
            0.0286409854888916
        ],
        "pMMCS-t16-c7": [
            0.021696805953979492,
            0.027882099151611328,
            0.02945089340209961
        ],
        "pMMCS-t2": [
            0.307636022567749,
            0.3295400142669678,
            0.33782100677490234
        ],
        "pMMCS-t2-c10": [
            0.024070024490356445,
            0.027096033096313477,
            0.027714014053344727
        ],
        "pMMCS-t2-c5": [
            0.007771015167236328,
            0.006093025207519531,
            0.006772041320800781
        ],
        "pMMCS-t2-c7": [
            0.010316133499145508,
            0.007102012634277344,
            0.008296012878417969
        ],
        "pMMCS-t4": [
            0.2013688087463379,
            0.22120189666748047,
            0.2420048713684082
        ],
        "pMMCS-t4-c10": [
            0.016849040985107422,
            0.020205974578857422,
            0.018944978713989258
        ],
        "pMMCS-t4-c5": [
            0.011651039123535156,
            0.009724140167236328,
            0.008783817291259766
        ],
        "pMMCS-t4-c7": [
            0.008416891098022461,
            0.012379169464111328,
            0.01114511489868164
        ],
        "pMMCS-t6": [
            0.14847493171691895,
            0.17101097106933594,
            0.18087387084960938
        ],
        "pMMCS-t6-c10": [
            0.016542911529541016,
            0.01709914207458496,
            0.020316123962402344
        ],
        "pMMCS-t6-c5": [
            0.014458894729614258,
            0.00941014289855957,
            0.013360023498535156
        ],
        "pMMCS-t6-c7": [
            0.015067100524902344,
            0.012131214141845703,
            0.01116800308227539
        ],
        "pMMCS-t8": [
            0.16123390197753906,
            0.16080403327941895,
            0.1560988426208496
        ],
        "pMMCS-t8-c10": [
            0.0278170108795166,
            0.01727914810180664,
            0.016788959503173828
        ],
        "pMMCS-t8-c5": [
            0.019275903701782227,
            0.020415067672729492,
            0.014588117599487305
        ],
        "pMMCS-t8-c7": [
            0.014380216598510742,
            0.014385223388671875,
            0.014783143997192383
        ],
        "pRS": [
            0.36429595947265625,
            0.4129049777984619,
            0.36815404891967773
        ],
        "pRS-c10": [
            0.014752864837646484,
            0.015860795974731445,
            0.023825883865356445
        ],
        "pRS-c5": [
            0.006372213363647461,
            0.0071370601654052734,
            0.0053119659423828125
        ],
        "pRS-c7": [
            0.0048220157623291016,
            0.008942842483520508,
            0.009289979934692383
        ],
        "pRS-t12": [
            0.11452794075012207,
            0.12990498542785645,
            0.12631011009216309
        ],
        "pRS-t12-c10": [
            0.017158985137939453,
            0.01779007911682129,
            0.0214998722076416
        ],
        "pRS-t12-c5": [
            0.016794204711914062,
            0.02397322654724121,
            0.0185849666595459
        ],
        "pRS-t12-c7": [
            0.026160001754760742,
            0.027046918869018555,
            0.02101588249206543
        ],
        "pRS-t16": [
            0.12485599517822266,
            0.12809991836547852,
            0.1291520595550537
        ],
        "pRS-t16-c10": [
            0.032958984375,
            0.017012834548950195,
            0.02132701873779297
        ],
        "pRS-t16-c5": [
            0.053856849670410156,
            0.026646852493286133,
            0.02274799346923828
        ],
        "pRS-t16-c7": [
            0.03490090370178223,
            0.027616024017333984,
            0.02250981330871582
        ],
        "pRS-t2": [
            0.25907278060913086,
            0.2658710479736328,
            0.2512199878692627
        ],
        "pRS-t2-c10": [
            0.013228893280029297,
            0.015923023223876953,
            0.014987945556640625
        ],
        "pRS-t2-c5": [
            0.006775856018066406,
            0.006990909576416016,
            0.006702899932861328
        ],
        "pRS-t2-c7": [
            0.010545969009399414,
            0.008580923080444336,
            0.008951902389526367
        ],
        "pRS-t4": [
            0.17212700843811035,
            0.19742488861083984,
            0.18330907821655273
        ],
        "pRS-t4-c10": [
            0.015527963638305664,
            0.012588024139404297,
            0.010310888290405273
        ],
        "pRS-t4-c5": [
            0.009062051773071289,
            0.011435985565185547,
            0.008394002914428711
        ],
        "pRS-t4-c7": [
            0.014159202575683594,
            0.011827945709228516,
            0.00937199592590332
        ],
        "pRS-t6": [
            0.14929699897766113,
            0.14122605323791504,
            0.1368701457977295
        ],
        "pRS-t6-c10": [
            0.013527154922485352,
            0.016087055206298828,
            0.0156710147857666
        ],
        "pRS-t6-c5": [
            0.012987852096557617,
            0.012926101684570312,
            0.01303410530090332
        ],
        "pRS-t6-c7": [
            0.012779951095581055,
            0.014317989349365234,
            0.015433788299560547
        ],
        "pRS-t8": [
            0.11266398429870605,
            0.13949108123779297,
            0.14483022689819336
        ],
        "pRS-t8-c10": [
            0.017172813415527344,
            0.01750016212463379,
            0.020843982696533203
        ],
        "pRS-t8-c5": [
            0.012217044830322266,
            0.011701107025146484,
            0.012211084365844727
        ],
        "pRS-t8-c7": [
            0.012019157409667969,
            0.010355949401855469,
            0.013805866241455078
        ],
        "partran": [
            Infinity,
            Infinity,
            Infinity
        ],
        "partran-t12": [
            Infinity,
            Infinity,
            Infinity
        ],
        "partran-t16": [
            Infinity,
            Infinity,
            Infinity
        ],
        "partran-t2": [
            Infinity,
            Infinity,
            Infinity
        ],
        "partran-t4": [
            Infinity,
            Infinity,
            Infinity
        ],
        "partran-t6": [
            Infinity,
            Infinity,
            Infinity
        ],
        "partran-t8": [
            Infinity,
            Infinity,
            Infinity
        ],
        "primdecomp": [
            10.003072023391724,
            10.04612398147583,
            9.906961917877197
        ],
        "rs": [
            0.05061602592468262,
            0.046952009201049805,
            0.042801856994628906
        ],
        "staccato": [
            Infinity,
            Infinity,
            Infinity
        ],
        "staccato-c10": [
            Infinity,
            Infinity,
            Infinity
        ],
        "staccato-c5": [
            Infinity,
            Infinity,
            Infinity
        ],
        "staccato-c7": [
            Infinity,
            Infinity,
            Infinity
        ]
    },
    "timeout_secs": 3600,
    "transversal_counts": {
        "primdecomp": [
            11765,
            11765,
            11765
        ]
    }
}