{
    "algs": [
        {
            "algName": "primdecomp",
            "containerName": "compsysmed/primdecomp"
        },
        {
            "algName": "bmr",
            "containerName": "compsysmed/bmr"
        },
        {
            "algName": "dl",
            "containerName": "compsysmed/dl"
        },
        {
            "algName": "fka.begk",
            "containerName": "compsysmed/fka-begk"
        },
        {
            "algName": "hbc",
            "containerName": "compsysmed/hbc"
        },
        {
            "algName": "ks",
            "containerName": "compsysmed/ks"
        },
        {
            "algName": "mhs2",
            "containerName": "compsysmed/mhs2",
            "cutoff": true,
            "slow": true,
            "threads": true
        },
        {
            "algName": "partran",
            "containerName": "compsysmed/partran",
            "slow": true,
            "threads": true
        },
        {
            "algName": "mmcs",
            "config": {
                "MODE": "mmcs"
            },
            "containerName": "compsysmed/shd"
        },
        {
            "algName": "rs",
            "config": {
                "MODE": "rs"
            },
            "containerName": "compsysmed/shd"
        },
        {
            "algName": "htcbdd",
            "config": {
                "MODE": "toda"
            },
            "containerName": "compsysmed/htcbdd"
        },
        {
            "algName": "knuth",
            "config": {
                "MODE": "knuth"
            },
            "containerName": "compsysmed/htcbdd"
        },
        {
            "algName": "bool.iterative",
            "config": {
                "ALGORITHM_NAME": "bool-iterative"
            },
            "containerName": "compsysmed/pymbd",
            "cutoff": true
        },
        {
            "algName": "hst",
            "config": {
                "ALGORITHM_NAME": "hst"
            },
            "containerName": "compsysmed/pymbd",
            "cutoff": true,
            "slow": true
        },
        {
            "algName": "hsdag",
            "config": {
                "ALGORITHM_NAME": "hsdag"
            },
            "containerName": "compsysmed/pymbd",
            "cutoff": true,
            "slow": true
        },
        {
            "algName": "staccato",
            "config": {
                "ALGORITHM_NAME": "staccato"
            },
            "containerName": "compsysmed/pymbd",
            "cutoff": true,
            "slow": true
        },
        {
            "algName": "pMMCS",
            "config": {
                "ALGORITHM": "pmmcs"
            },
            "containerName": "compsysmed/agdmhs",
            "cutoff": true,
            "threads": true
        },
        {
            "algName": "pRS",
            "config": {
                "ALGORITHM": "prs"
            },
            "containerName": "compsysmed/agdmhs",
            "cutoff": true,
            "threads": true
        },
        {
            "algName": "berge",
            "config": {
                "ALGORITHM": "berge"
            },
            "containerName": "compsysmed/agdmhs",
            "cutoff": true,
            "slow": true
        },
        {
            "algName": "bm",
            "config": {
                "ALGORITHM": "bm"
            },
            "containerName": "compsysmed/agdmhs",
            "threads": true
        },
        {
            "algName": "ocsanaGreedy",
            "containerName": "compsysmed/ocsanamhs",
            "cutoff": true
        }
    ],
    "runtimes": {
        "berge": [
            Infinity,
            Infinity,
            Infinity
        ],
        "berge-c10": [
            Infinity,
            Infinity,
            Infinity
        ],
        "berge-c5": [
            4.770699977874756,
            4.6237218379974365,
            4.661543130874634
        ],
        "berge-c7": [
            Infinity,
            Infinity,
            Infinity
        ],
        "bm": [
            Infinity,
            Infinity,
            Infinity
        ],
        "bm-t12": [
            Infinity,
            Infinity,
            Infinity
        ],
        "bm-t16": [
            Infinity
        ],
        "bm-t2": [
            Infinity,
            Infinity,
            Infinity
        ],
        "bm-t4": [
            Infinity,
            Infinity,
            Infinity
        ],
        "bm-t6": [
            Infinity,
            Infinity,
            Infinity
        ],
        "bm-t8": [
            Infinity,
            Infinity,
            Infinity
        ],
        "bmr": [
            Infinity,
            Infinity,
            Infinity
        ],
        "bool.iterative": [
            Infinity,
            Infinity,
            Infinity
        ],
        "bool.iterative-c10": [
            Infinity
        ],
        "bool.iterative-c5": [
            9.00092601776123,
            8.916872024536133,
            8.977492094039917
        ],
        "bool.iterative-c7": [
            190.42171096801758,
            191.49023294448853,
            192.03801918029785
        ],
        "dl": [
            Infinity,
            Infinity,
            Infinity
        ],
        "fka.begk": [
            Infinity
        ],
        "hbc": [
            Infinity
        ],
        "hsdag": [
            Infinity,
            Infinity,
            Infinity
        ],
        "hsdag-c10": [
            Infinity,
            Infinity,
            Infinity
        ],
        "hsdag-c5": [
            0.8093140125274658,
            0.7838919162750244,
            0.8846750259399414
        ],
        "hsdag-c7": [
            1019.1078608036041,
            1034.790433883667,
            1046.0511548519135
        ],
        "hst": [
            Infinity,
            Infinity,
            Infinity
        ],
        "hst-c10": [
            Infinity,
            Infinity,
            Infinity
        ],
        "hst-c5": [
            28.744407892227173,
            28.769092798233032,
            28.659660816192627
        ],
        "hst-c7": [
            Infinity,
            Infinity,
            Infinity
        ],
        "htcbdd": [
            Infinity,
            Infinity,
            Infinity
        ],
        "knuth": [
            Infinity
        ],
        "ks": [
            Infinity
        ],
        "mhs2": [
            Infinity,
            Infinity,
            Infinity
        ],
        "mhs2-c10": [
            Infinity,
            Infinity,
            Infinity
        ],
        "mhs2-c5": [
            Infinity,
            Infinity,
            Infinity
        ],
        "mhs2-c7": [
            Infinity,
            Infinity,
            Infinity
        ],
        "mhs2-t12": [
            Infinity,
            Infinity,
            Infinity
        ],
        "mhs2-t12-c10": [
            Infinity,
            Infinity,
            Infinity
        ],
        "mhs2-t12-c5": [
            2712.7614369392395,
            2706.4532730579376,
            2714.2936050891876
        ],
        "mhs2-t12-c7": [
            Infinity,
            Infinity,
            Infinity
        ],
        "mhs2-t16": [
            Infinity,
            Infinity,
            Infinity
        ],
        "mhs2-t16-c10": [
            Infinity,
            Infinity,
            Infinity
        ],
        "mhs2-t16-c5": [
            2415.024258852005,
            2414.7132370471954,
            2413.3791558742523
        ],
        "mhs2-t16-c7": [
            Infinity,
            Infinity,
            Infinity
        ],
        "mhs2-t2": [
            Infinity,
            Infinity,
            Infinity
        ],
        "mhs2-t2-c10": [
            Infinity,
            Infinity,
            Infinity
        ],
        "mhs2-t2-c5": [
            Infinity,
            Infinity,
            Infinity
        ],
        "mhs2-t2-c7": [
            Infinity,
            Infinity,
            Infinity
        ],
        "mhs2-t4": [
            Infinity,
            Infinity,
            Infinity
        ],
        "mhs2-t4-c10": [
            Infinity,
            Infinity,
            Infinity
        ],
        "mhs2-t4-c5": [
            Infinity,
            Infinity,
            Infinity
        ],
        "mhs2-t4-c7": [
            Infinity,
            Infinity,
            Infinity
        ],
        "mhs2-t6": [
            Infinity,
            Infinity,
            Infinity
        ],
        "mhs2-t6-c10": [
            Infinity,
            Infinity,
            Infinity
        ],
        "mhs2-t6-c5": [
            Infinity,
            Infinity,
            Infinity
        ],
        "mhs2-t6-c7": [
            Infinity,
            Infinity,
            Infinity
        ],
        "mhs2-t8": [
            Infinity,
            Infinity,
            Infinity
        ],
        "mhs2-t8-c10": [
            Infinity,
            Infinity,
            Infinity
        ],
        "mhs2-t8-c5": [
            3009.3237688541412,
            3043.8048260211945,
            3014.7171092033386
        ],
        "mhs2-t8-c7": [
            Infinity,
            Infinity,
            Infinity
        ],
        "mmcs": [
            Infinity,
            Infinity,
            Infinity
        ],
        "ocsanaGreedy": [
            Infinity,
            Infinity,
            Infinity
        ],
        "ocsanaGreedy-c10": [
            Infinity,
            Infinity,
            Infinity
        ],
        "ocsanaGreedy-c5": [
            Infinity,
            Infinity,
            Infinity
        ],
        "ocsanaGreedy-c7": [
            Infinity,
            Infinity,
            Infinity
        ],
        "pMMCS": [
            Infinity,
            Infinity,
            Infinity
        ],
        "pMMCS-c10": [
            Infinity,
            Infinity,
            Infinity
        ],
        "pMMCS-c5": [
            0.3753550052642822,
            0.39463210105895996,
            0.3942420482635498
        ],
        "pMMCS-c7": [
            4.648854970932007,
            4.5625998973846436,
            4.650385856628418
        ],
        "pMMCS-t12": [
            Infinity,
            Infinity,
            Infinity
        ],
        "pMMCS-t12-c10": [
            Infinity,
            Infinity,
            Infinity
        ],
        "pMMCS-t12-c5": [
            0.1387770175933838,
            0.12459516525268555,
            0.13832497596740723
        ],
        "pMMCS-t12-c7": [
            1.0490949153900146,
            1.003736972808838,
            1.066763162612915
        ],
        "pMMCS-t16": [
            Infinity,
            Infinity,
            Infinity
        ],
        "pMMCS-t16-c10": [
            Infinity
        ],
        "pMMCS-t16-c5": [
            0.15146493911743164,
            0.1088249683380127,
            0.11492013931274414
        ],
        "pMMCS-t16-c7": [
            0.9669280052185059,
            0.9801969528198242,
            0.9580378532409668
        ],
        "pMMCS-t2": [
            Infinity,
            Infinity,
            Infinity
        ],
        "pMMCS-t2-c10": [
            Infinity,
            Infinity,
            Infinity
        ],
        "pMMCS-t2-c5": [
            0.30901002883911133,
            0.2813448905944824,
            0.30420589447021484
        ],
        "pMMCS-t2-c7": [
            3.3962440490722656,
            3.431317090988159,
            3.3960180282592773
        ],
        "pMMCS-t4": [
            Infinity,
            Infinity,
            Infinity
        ],
        "pMMCS-t4-c10": [
            Infinity,
            Infinity,
            Infinity
        ],
        "pMMCS-t4-c5": [
            0.18767595291137695,
            0.17911911010742188,
            0.19586396217346191
        ],
        "pMMCS-t4-c7": [
            1.9043569564819336,
            1.8769919872283936,
            1.8817548751831055
        ],
        "pMMCS-t6": [
            Infinity,
            Infinity,
            Infinity
        ],
        "pMMCS-t6-c10": [
            Infinity,
            Infinity,
            Infinity
        ],
        "pMMCS-t6-c5": [
            0.1330559253692627,
            0.15930914878845215,
            0.1443488597869873
        ],
        "pMMCS-t6-c7": [
            1.3887989521026611,
            1.4542770385742188,
            1.350390911102295
        ],
        "pMMCS-t8": [
            Infinity,
            Infinity,
            Infinity
        ],
        "pMMCS-t8-c10": [
            Infinity,
            Infinity,
            Infinity
        ],
        "pMMCS-t8-c5": [
            0.14475202560424805,
            0.1288149356842041,
            0.12809181213378906
        ],
        "pMMCS-t8-c7": [
            1.1133699417114258,
            1.148341178894043,
            1.1096761226654053
        ],
        "pRS": [
            Infinity,
            Infinity,
            Infinity
        ],
        "pRS-c10": [
            Infinity,
            Infinity,
            Infinity
        ],
        "pRS-c5": [
            0.11902403831481934,
            0.12403488159179688,
            0.12015485763549805
        ],
        "pRS-c7": [
            2.763289213180542,
            2.686617851257324,
            2.786724090576172
        ],
        "pRS-t12": [
            Infinity,
            Infinity,
            Infinity
        ],
        "pRS-t12-c10": [
            Infinity,
            Infinity,
            Infinity
        ],
        "pRS-t12-c5": [
            0.08293700218200684,
            0.07207798957824707,
            0.08401703834533691
        ],
        "pRS-t12-c7": [
            0.7968769073486328,
            0.8469219207763672,
            0.7476880550384521
        ],
        "pRS-t16": [
            Infinity,
            Infinity,
            Infinity
        ],
        "pRS-t16-c10": [
            Infinity
        ],
        "pRS-t16-c5": [
            0.08062505722045898,
            0.0725851058959961,
            0.07468509674072266
        ],
        "pRS-t16-c7": [
            0.7572691440582275,
            0.8309330940246582,
            0.8053338527679443
        ],
        "pRS-t2": [
            Infinity,
            Infinity,
            Infinity
        ],
        "pRS-t2-c10": [
            Infinity,
            Infinity,
            Infinity
        ],
        "pRS-t2-c5": [
            0.07203483581542969,
            0.08857297897338867,
            0.08239293098449707
        ],
        "pRS-t2-c7": [
            1.6828341484069824,
            1.626136064529419,
            1.662585973739624
        ],
        "pRS-t4": [
            Infinity,
            Infinity,
            Infinity
        ],
        "pRS-t4-c10": [
            Infinity,
            Infinity,
            Infinity
        ],
        "pRS-t4-c5": [
            0.07273292541503906,
            0.07108497619628906,
            0.07248616218566895
        ],
        "pRS-t4-c7": [
            1.1307721138000488,
            1.0698609352111816,
            1.0495660305023193
        ],
        "pRS-t6": [
            Infinity,
            Infinity,
            Infinity
        ],
        "pRS-t6-c10": [
            Infinity,
            Infinity,
            Infinity
        ],
        "pRS-t6-c5": [
            0.06338000297546387,
            0.06254911422729492,
            0.07263588905334473
        ],
        "pRS-t6-c7": [
            0.7705240249633789,
            0.896233081817627,
            0.9330689907073975
        ],
        "pRS-t8": [
            Infinity,
            Infinity,
            Infinity
        ],
        "pRS-t8-c10": [
            Infinity,
            Infinity,
            Infinity
        ],
        "pRS-t8-c5": [
            0.07318401336669922,
            0.0869290828704834,
            0.07558703422546387
        ],
        "pRS-t8-c7": [
            0.8192689418792725,
            0.8929769992828369,
            0.7725191116333008
        ],
        "partran": [
            Infinity,
            Infinity,
            Infinity
        ],
        "partran-t12": [
            Infinity,
            Infinity,
            Infinity
        ],
        "partran-t16": [
            Infinity
        ],
        "partran-t2": [
            Infinity,
            Infinity,
            Infinity
        ],
        "partran-t4": [
            Infinity,
            Infinity,
            Infinity
        ],
        "partran-t6": [
            Infinity,
            Infinity,
            Infinity
        ],
        "partran-t8": [
            Infinity,
            Infinity,
            Infinity
        ],
        "primdecomp": [
            Infinity
        ],
        "rs": [
            Infinity,
            Infinity,
            Infinity
        ],
        "staccato": [
            Infinity,
            Infinity,
            Infinity
        ],
        "staccato-c10": [
            Infinity,
            Infinity,
            Infinity
        ],
        "staccato-c5": [
            Infinity,
            Infinity,
            Infinity
        ],
        "staccato-c7": [
            Infinity,
            Infinity,
            Infinity
        ]
    },
    "timeout_secs": 3600,
    "transversal_counts": {}
}