{
    "algs": [
        {
            "algName": "primdecomp",
            "containerName": "compsysmed/primdecomp"
        },
        {
            "algName": "bmr",
            "containerName": "compsysmed/bmr"
        },
        {
            "algName": "dl",
            "containerName": "compsysmed/dl"
        },
        {
            "algName": "fka.begk",
            "containerName": "compsysmed/fka-begk"
        },
        {
            "algName": "hbc",
            "containerName": "compsysmed/hbc"
        },
        {
            "algName": "ks",
            "containerName": "compsysmed/ks"
        },
        {
            "algName": "mhs2",
            "containerName": "compsysmed/mhs2",
            "cutoff": true,
            "slow": true,
            "threads": true
        },
        {
            "algName": "partran",
            "containerName": "compsysmed/partran",
            "slow": true,
            "threads": true
        },
        {
            "algName": "mmcs",
            "config": {
                "MODE": "mmcs"
            },
            "containerName": "compsysmed/shd"
        },
        {
            "algName": "rs",
            "config": {
                "MODE": "rs"
            },
            "containerName": "compsysmed/shd"
        },
        {
            "algName": "htcbdd",
            "config": {
                "MODE": "toda"
            },
            "containerName": "compsysmed/htcbdd"
        },
        {
            "algName": "knuth",
            "config": {
                "MODE": "knuth"
            },
            "containerName": "compsysmed/htcbdd"
        },
        {
            "algName": "bool.iterative",
            "config": {
                "ALGORITHM_NAME": "bool-iterative"
            },
            "containerName": "compsysmed/pymbd",
            "cutoff": true
        },
        {
            "algName": "hst",
            "config": {
                "ALGORITHM_NAME": "hst"
            },
            "containerName": "compsysmed/pymbd",
            "cutoff": true,
            "slow": true
        },
        {
            "algName": "hsdag",
            "config": {
                "ALGORITHM_NAME": "hsdag"
            },
            "containerName": "compsysmed/pymbd",
            "cutoff": true,
            "slow": true
        },
        {
            "algName": "staccato",
            "config": {
                "ALGORITHM_NAME": "staccato"
            },
            "containerName": "compsysmed/pymbd",
            "cutoff": true,
            "slow": true
        },
        {
            "algName": "pMMCS",
            "config": {
                "ALGORITHM": "pmmcs"
            },
            "containerName": "compsysmed/agdmhs",
            "cutoff": true,
            "threads": true
        },
        {
            "algName": "pRS",
            "config": {
                "ALGORITHM": "prs"
            },
            "containerName": "compsysmed/agdmhs",
            "cutoff": true,
            "threads": true
        },
        {
            "algName": "berge",
            "config": {
                "ALGORITHM": "berge"
            },
            "containerName": "compsysmed/agdmhs",
            "cutoff": true,
            "slow": true
        },
        {
            "algName": "bm",
            "config": {
                "ALGORITHM": "bm"
            },
            "containerName": "compsysmed/agdmhs",
            "threads": true
        },
        {
            "algName": "ocsanaGreedy",
            "containerName": "compsysmed/ocsana-greedy",
            "cutoff": true
        }
    ],
    "runtimes": {
        "berge": [
            Infinity,
            Infinity,
            Infinity
        ],
        "berge-c10": [
            Infinity,
            Infinity,
            Infinity
        ],
        "berge-c5": [
            41.936787128448486,
            42.01644706726074,
            42.136590003967285
        ],
        "berge-c7": [
            Infinity,
            Infinity,
            Infinity
        ],
        "bm": [
            Infinity,
            Infinity,
            Infinity
        ],
        "bm-t12": [
            Infinity,
            Infinity,
            Infinity
        ],
        "bm-t16": [
            Infinity
        ],
        "bm-t2": [
            Infinity,
            Infinity,
            Infinity
        ],
        "bm-t4": [
            Infinity,
            Infinity,
            Infinity
        ],
        "bm-t6": [
            Infinity,
            Infinity,
            Infinity
        ],
        "bm-t8": [
            Infinity,
            Infinity,
            Infinity
        ],
        "bmr": [
            Infinity,
            Infinity,
            Infinity
        ],
        "bool.iterative": [
            Infinity,
            Infinity,
            Infinity
        ],
        "bool.iterative-c10": [
            Infinity,
            Infinity,
            Infinity
        ],
        "bool.iterative-c5": [
            202.2449290752411,
            200.8175129890442,
            201.70533204078674
        ],
        "bool.iterative-c7": [
            Infinity,
            Infinity,
            Infinity
        ],
        "dl": [
            Infinity,
            Infinity,
            Infinity
        ],
        "fka.begk": [
            Infinity,
            Infinity,
            Infinity
        ],
        "hbc": [
            Infinity
        ],
        "hsdag": [
            Infinity,
            Infinity,
            Infinity
        ],
        "hsdag-c10": [
            Infinity,
            Infinity,
            Infinity
        ],
        "hsdag-c5": [
            2.2058629989624023,
            2.219507932662964,
            2.186640977859497
        ],
        "hsdag-c7": [
            665.7924840450287,
            669.3444640636444,
            666.1316587924957
        ],
        "hst": [
            Infinity,
            Infinity,
            Infinity
        ],
        "hst-c10": [
            Infinity,
            Infinity,
            Infinity
        ],
        "hst-c5": [
            10.000189065933228,
            10.03534483909607,
            9.962277889251709
        ],
        "hst-c7": [
            Infinity,
            Infinity,
            Infinity
        ],
        "htcbdd": [
            Infinity
        ],
        "knuth": [
            Infinity
        ],
        "ks": [
            Infinity,
            Infinity,
            Infinity
        ],
        "mhs2": [
            Infinity,
            Infinity,
            Infinity
        ],
        "mhs2-c10": [
            Infinity,
            Infinity,
            Infinity
        ],
        "mhs2-c5": [
            Infinity,
            Infinity,
            Infinity
        ],
        "mhs2-c7": [
            Infinity,
            Infinity,
            Infinity
        ],
        "mhs2-t12": [
            Infinity,
            Infinity,
            Infinity
        ],
        "mhs2-t12-c10": [
            Infinity,
            Infinity,
            Infinity
        ],
        "mhs2-t12-c5": [
            Infinity,
            Infinity,
            Infinity
        ],
        "mhs2-t12-c7": [
            Infinity,
            Infinity,
            Infinity
        ],
        "mhs2-t16": [
            Infinity,
            Infinity,
            Infinity
        ],
        "mhs2-t16-c10": [
            Infinity,
            Infinity,
            Infinity
        ],
        "mhs2-t16-c5": [
            Infinity,
            Infinity,
            Infinity
        ],
        "mhs2-t16-c7": [
            Infinity,
            Infinity,
            Infinity
        ],
        "mhs2-t2": [
            Infinity,
            Infinity,
            Infinity
        ],
        "mhs2-t2-c10": [
            Infinity,
            Infinity,
            Infinity
        ],
        "mhs2-t2-c5": [
            Infinity,
            Infinity,
            Infinity
        ],
        "mhs2-t2-c7": [
            Infinity,
            Infinity,
            Infinity
        ],
        "mhs2-t4": [
            Infinity,
            Infinity,
            Infinity
        ],
        "mhs2-t4-c10": [
            Infinity,
            Infinity,
            Infinity
        ],
        "mhs2-t4-c5": [
            Infinity,
            Infinity,
            Infinity
        ],
        "mhs2-t4-c7": [
            Infinity,
            Infinity,
            Infinity
        ],
        "mhs2-t6": [
            Infinity,
            Infinity,
            Infinity
        ],
        "mhs2-t6-c10": [
            Infinity,
            Infinity,
            Infinity
        ],
        "mhs2-t6-c5": [
            Infinity,
            Infinity,
            Infinity
        ],
        "mhs2-t6-c7": [
            Infinity,
            Infinity,
            Infinity
        ],
        "mhs2-t8": [
            Infinity,
            Infinity,
            Infinity
        ],
        "mhs2-t8-c10": [
            Infinity,
            Infinity,
            Infinity
        ],
        "mhs2-t8-c5": [
            Infinity,
            Infinity,
            Infinity
        ],
        "mhs2-t8-c7": [
            Infinity,
            Infinity,
            Infinity
        ],
        "mmcs": [
            Infinity,
            Infinity,
            Infinity
        ],
        "ocsanaGreedy": [
            Infinity,
            Infinity,
            Infinity
        ],
        "ocsanaGreedy-c10": [
            Infinity,
            Infinity,
            Infinity
        ],
        "ocsanaGreedy-c5": [
            Infinity,
            Infinity,
            Infinity
        ],
        "ocsanaGreedy-c7": [
            Infinity,
            Infinity,
            Infinity
        ],
        "pMMCS": [
            Infinity,
            Infinity,
            Infinity
        ],
        "pMMCS-c10": [
            Infinity,
            Infinity,
            Infinity
        ],
        "pMMCS-c5": [
            5.71352481842041,
            5.706350088119507,
            5.706311941146851
        ],
        "pMMCS-c7": [
            64.88717985153198,
            65.05958700180054,
            64.54153609275818
        ],
        "pMMCS-t12": [
            Infinity,
            Infinity,
            Infinity
        ],
        "pMMCS-t12-c10": [
            Infinity,
            Infinity,
            Infinity
        ],
        "pMMCS-t12-c5": [
            1.6117329597473145,
            1.573970079421997,
            1.6241710186004639
        ],
        "pMMCS-t12-c7": [
            14.157424926757812,
            14.231718063354492,
            14.339312076568604
        ],
        "pMMCS-t16": [
            Infinity,
            Infinity,
            Infinity
        ],
        "pMMCS-t16-c10": [
            Infinity
        ],
        "pMMCS-t16-c5": [
            1.4966728687286377,
            1.4835970401763916,
            1.4716360569000244
        ],
        "pMMCS-t16-c7": [
            12.683368921279907,
            12.669363975524902,
            12.620121002197266
        ],
        "pMMCS-t2": [
            Infinity,
            Infinity,
            Infinity
        ],
        "pMMCS-t2-c10": [
            Infinity,
            Infinity,
            Infinity
        ],
        "pMMCS-t2-c5": [
            4.556871175765991,
            4.333877086639404,
            4.288089990615845
        ],
        "pMMCS-t2-c7": [
            46.03402400016785,
            46.74031686782837,
            46.6205370426178
        ],
        "pMMCS-t4": [
            Infinity,
            Infinity,
            Infinity
        ],
        "pMMCS-t4-c10": [
            Infinity,
            Infinity,
            Infinity
        ],
        "pMMCS-t4-c5": [
            2.4938180446624756,
            2.537749767303467,
            2.4819040298461914
        ],
        "pMMCS-t4-c7": [
            25.170161962509155,
            25.087358951568604,
            25.122018098831177
        ],
        "pMMCS-t6": [
            Infinity,
            Infinity,
            Infinity
        ],
        "pMMCS-t6-c10": [
            Infinity,
            Infinity,
            Infinity
        ],
        "pMMCS-t6-c5": [
            2.0994770526885986,
            1.8921658992767334,
            2.0094480514526367
        ],
        "pMMCS-t6-c7": [
            18.079151153564453,
            17.83730411529541,
            18.113404035568237
        ],
        "pMMCS-t8": [
            Infinity,
            Infinity,
            Infinity
        ],
        "pMMCS-t8-c10": [
            Infinity,
            Infinity,
            Infinity
        ],
        "pMMCS-t8-c5": [
            1.7145819664001465,
            1.9018709659576416,
            1.630856990814209
        ],
        "pMMCS-t8-c7": [
            15.00507402420044,
            14.86473798751831,
            14.320816993713379
        ],
        "pRS": [
            Infinity,
            Infinity,
            Infinity
        ],
        "pRS-c10": [
            Infinity,
            Infinity,
            Infinity
        ],
        "pRS-c5": [
            1.9155778884887695,
            1.8801798820495605,
            1.8662619590759277
        ],
        "pRS-c7": [
            94.79854393005371,
            94.68993806838989,
            94.31460690498352
        ],
        "pRS-t12": [
            Infinity,
            Infinity,
            Infinity
        ],
        "pRS-t12-c10": [
            Infinity,
            Infinity,
            Infinity
        ],
        "pRS-t12-c5": [
            0.8243060111999512,
            1.1208550930023193,
            1.0555338859558105
        ],
        "pRS-t12-c7": [
            28.705760955810547,
            28.190699100494385,
            27.846843004226685
        ],
        "pRS-t16": [
            Infinity,
            Infinity,
            Infinity
        ],
        "pRS-t16-c10": [
            Infinity,
            Infinity,
            Infinity
        ],
        "pRS-t16-c5": [
            1.262401819229126,
            1.0341088771820068,
            1.2732789516448975
        ],
        "pRS-t16-c7": [
            30.472007989883423,
            30.666107892990112,
            30.52978515625
        ],
        "pRS-t2": [
            Infinity,
            Infinity,
            Infinity
        ],
        "pRS-t2-c10": [
            Infinity,
            Infinity,
            Infinity
        ],
        "pRS-t2-c5": [
            1.2927830219268799,
            1.3042888641357422,
            1.318972110748291
        ],
        "pRS-t2-c7": [
            51.139179944992065,
            50.8030641078949,
            51.10899209976196
        ],
        "pRS-t4": [
            Infinity,
            Infinity,
            Infinity
        ],
        "pRS-t4-c10": [
            Infinity,
            Infinity,
            Infinity
        ],
        "pRS-t4-c5": [
            1.1986238956451416,
            0.9821650981903076,
            0.96042799949646
        ],
        "pRS-t4-c7": [
            30.592922925949097,
            30.259905099868774,
            30.855234146118164
        ],
        "pRS-t6": [
            Infinity,
            Infinity,
            Infinity
        ],
        "pRS-t6-c10": [
            Infinity,
            Infinity,
            Infinity
        ],
        "pRS-t6-c5": [
            0.9174261093139648,
            1.1405138969421387,
            0.9953207969665527
        ],
        "pRS-t6-c7": [
            25.81800889968872,
            27.196429014205933,
            25.394726037979126
        ],
        "pRS-t8": [
            Infinity,
            Infinity,
            Infinity
        ],
        "pRS-t8-c10": [
            Infinity,
            Infinity,
            Infinity
        ],
        "pRS-t8-c5": [
            1.1434299945831299,
            1.0504281520843506,
            1.166558027267456
        ],
        "pRS-t8-c7": [
            24.804534912109375,
            27.519685983657837,
            24.05276083946228
        ],
        "partran": [
            Infinity,
            Infinity,
            Infinity
        ],
        "partran-t12": [
            Infinity,
            Infinity,
            Infinity
        ],
        "partran-t16": [
            Infinity
        ],
        "partran-t2": [
            Infinity,
            Infinity,
            Infinity
        ],
        "partran-t4": [
            Infinity,
            Infinity,
            Infinity
        ],
        "partran-t6": [
            Infinity,
            Infinity,
            Infinity
        ],
        "partran-t8": [
            Infinity,
            Infinity,
            Infinity
        ],
        "primdecomp": [
            Infinity
        ],
        "rs": [
            Infinity,
            Infinity,
            Infinity
        ],
        "staccato": [
            Infinity,
            Infinity,
            Infinity
        ],
        "staccato-c10": [
            Infinity,
            Infinity,
            Infinity
        ],
        "staccato-c5": [
            Infinity,
            Infinity,
            Infinity
        ],
        "staccato-c7": [
            Infinity,
            Infinity,
            Infinity
        ]
    },
    "timeout_secs": 3600,
    "transversal_counts": {}
}