{
    "algs": [
        {
            "algName": "primdecomp",
            "containerName": "compsysmed/primdecomp"
        },
        {
            "algName": "bmr",
            "containerName": "compsysmed/bmr"
        },
        {
            "algName": "dl",
            "containerName": "compsysmed/dl"
        },
        {
            "algName": "fka.begk",
            "containerName": "compsysmed/fka-begk"
        },
        {
            "algName": "hbc",
            "containerName": "compsysmed/hbc"
        },
        {
            "algName": "ks",
            "containerName": "compsysmed/ks"
        },
        {
            "algName": "mhs2",
            "containerName": "compsysmed/mhs2",
            "cutoff": true,
            "slow": true,
            "threads": true
        },
        {
            "algName": "partran",
            "containerName": "compsysmed/partran",
            "slow": true,
            "threads": true
        },
        {
            "algName": "mmcs",
            "config": {
                "MODE": "mmcs"
            },
            "containerName": "compsysmed/shd"
        },
        {
            "algName": "rs",
            "config": {
                "MODE": "rs"
            },
            "containerName": "compsysmed/shd"
        },
        {
            "algName": "htcbdd",
            "config": {
                "MODE": "toda"
            },
            "containerName": "compsysmed/htcbdd"
        },
        {
            "algName": "knuth",
            "config": {
                "MODE": "knuth"
            },
            "containerName": "compsysmed/htcbdd"
        },
        {
            "algName": "bool.iterative",
            "config": {
                "ALGORITHM_NAME": "bool-iterative"
            },
            "containerName": "compsysmed/pymbd",
            "cutoff": true
        },
        {
            "algName": "hst",
            "config": {
                "ALGORITHM_NAME": "hst"
            },
            "containerName": "compsysmed/pymbd",
            "cutoff": true,
            "slow": true
        },
        {
            "algName": "hsdag",
            "config": {
                "ALGORITHM_NAME": "hsdag"
            },
            "containerName": "compsysmed/pymbd",
            "cutoff": true,
            "slow": true
        },
        {
            "algName": "staccato",
            "config": {
                "ALGORITHM_NAME": "staccato"
            },
            "containerName": "compsysmed/pymbd",
            "cutoff": true,
            "slow": true
        },
        {
            "algName": "pMMCS",
            "config": {
                "ALGORITHM": "pmmcs"
            },
            "containerName": "compsysmed/agdmhs",
            "cutoff": true,
            "threads": true
        },
        {
            "algName": "pRS",
            "config": {
                "ALGORITHM": "prs"
            },
            "containerName": "compsysmed/agdmhs",
            "cutoff": true,
            "threads": true
        },
        {
            "algName": "berge",
            "config": {
                "ALGORITHM": "berge"
            },
            "containerName": "compsysmed/agdmhs",
            "cutoff": true,
            "slow": true
        },
        {
            "algName": "bm",
            "config": {
                "ALGORITHM": "bm"
            },
            "containerName": "compsysmed/agdmhs",
            "threads": true
        },
        {
            "algName": "ocsanaGreedy",
            "containerName": "compsysmed/ocsanamhs",
            "cutoff": true
        }
    ],
    "runtimes": {
        "berge": [
            53.0825879573822,
            52.495688915252686,
            52.89845585823059
        ],
        "berge-c10": [
            3.8357510566711426,
            3.799957036972046,
            3.779935836791992
        ],
        "berge-c5": [
            0.21969389915466309,
            0.202225923538208,
            0.19321084022521973
        ],
        "berge-c7": [
            0.9462900161743164,
            0.7839219570159912,
            0.9275500774383545
        ],
        "bm": [
            Infinity,
            Infinity,
            Infinity
        ],
        "bm-t12": [
            Infinity,
            Infinity,
            Infinity
        ],
        "bm-t16": [
            Infinity,
            Infinity,
            Infinity
        ],
        "bm-t2": [
            Infinity,
            Infinity,
            Infinity
        ],
        "bm-t4": [
            Infinity,
            Infinity,
            Infinity
        ],
        "bm-t6": [
            Infinity,
            Infinity,
            Infinity
        ],
        "bm-t8": [
            Infinity,
            Infinity,
            Infinity
        ],
        "bmr": [
            0.552361011505127,
            0.562453031539917,
            0.5939731597900391
        ],
        "bool.iterative": [
            5.1189751625061035,
            5.106445789337158,
            4.9615068435668945
        ],
        "bool.iterative-c10": [
            0.6421718597412109,
            0.733853816986084,
            0.7313859462738037
        ],
        "bool.iterative-c5": [
            0.02288198471069336,
            0.022821903228759766,
            0.02296614646911621
        ],
        "bool.iterative-c7": [
            0.08590912818908691,
            0.0867910385131836,
            0.0882730484008789
        ],
        "dl": [
            3.1477489471435547,
            3.229339838027954,
            3.05007004737854
        ],
        "fka.begk": [
            22.403760194778442,
            25.80011796951294,
            29.48544716835022
        ],
        "hbc": [
            152.53723692893982,
            149.85553884506226,
            147.9820818901062
        ],
        "hsdag": [
            2945.186294078827,
            2947.705183982849,
            2929.825488805771
        ],
        "hsdag-c10": [
            45.937840938568115,
            44.377732038497925,
            45.95786094665527
        ],
        "hsdag-c5": [
            0.023157119750976562,
            0.023519039154052734,
            0.023246049880981445
        ],
        "hsdag-c7": [
            0.5467560291290283,
            0.5467371940612793,
            0.5481729507446289
        ],
        "hst": [
            Infinity,
            Infinity,
            Infinity
        ],
        "hst-c10": [
            Infinity,
            Infinity,
            Infinity
        ],
        "hst-c5": [
            0.016464948654174805,
            0.014230966567993164,
            0.016215085983276367
        ],
        "hst-c7": [
            8.275598049163818,
            8.06362795829773,
            8.22616696357727
        ],
        "htcbdd": [
            0.40596485137939453,
            0.4879109859466553,
            0.4686000347137451
        ],
        "knuth": [
            Infinity
        ],
        "ks": [
            0.1210031509399414,
            0.12078499794006348,
            0.12020087242126465
        ],
        "mhs2": [
            140.50309300422668,
            140.25984501838684,
            142.02696585655212
        ],
        "mhs2-c10": [
            78.92671799659729,
            79.10412001609802,
            78.92110013961792
        ],
        "mhs2-c5": [
            1.3087539672851562,
            1.4242658615112305,
            1.3181960582733154
        ],
        "mhs2-c7": [
            12.240978956222534,
            12.056205987930298,
            12.139255046844482
        ],
        "mhs2-t12": [
            60.85423493385315,
            60.81298017501831,
            61.115543842315674
        ],
        "mhs2-t12-c10": [
            32.10235095024109,
            32.70439291000366,
            32.68366503715515
        ],
        "mhs2-t12-c5": [
            0.4361569881439209,
            0.4132540225982666,
            0.4456968307495117
        ],
        "mhs2-t12-c7": [
            4.002449989318848,
            4.049194097518921,
            4.077915906906128
        ],
        "mhs2-t16": [
            58.93855404853821,
            58.82959198951721,
            58.903764963150024
        ],
        "mhs2-t16-c10": [
            31.829747200012207,
            31.828878164291382,
            31.923184871673584
        ],
        "mhs2-t16-c5": [
            0.4209630489349365,
            0.43923401832580566,
            0.43027400970458984
        ],
        "mhs2-t16-c7": [
            3.9284749031066895,
            3.94030499458313,
            3.971858024597168
        ],
        "mhs2-t2": [
            90.45048189163208,
            94.65777587890625,
            90.98830485343933
        ],
        "mhs2-t2-c10": [
            48.629250049591064,
            48.38170599937439,
            48.64591383934021
        ],
        "mhs2-t2-c5": [
            0.8672029972076416,
            1.081968069076538,
            0.8530559539794922
        ],
        "mhs2-t2-c7": [
            6.983069181442261,
            6.9224159717559814,
            6.900849103927612
        ],
        "mhs2-t4": [
            62.23465895652771,
            62.5167350769043,
            62.52275800704956
        ],
        "mhs2-t4-c10": [
            33.886521100997925,
            33.72336196899414,
            33.82564687728882
        ],
        "mhs2-t4-c5": [
            0.5120759010314941,
            0.516218900680542,
            0.5143778324127197
        ],
        "mhs2-t4-c7": [
            4.381894111633301,
            4.495733022689819,
            4.440229892730713
        ],
        "mhs2-t6": [
            61.24245619773865,
            61.36151599884033,
            61.42927598953247
        ],
        "mhs2-t6-c10": [
            33.0827910900116,
            32.86097192764282,
            32.87116193771362
        ],
        "mhs2-t6-c5": [
            0.4257819652557373,
            0.413923978805542,
            0.45121097564697266
        ],
        "mhs2-t6-c7": [
            4.007378816604614,
            3.997325897216797,
            4.045069932937622
        ],
        "mhs2-t8": [
            60.5991849899292,
            60.40214705467224,
            60.60428810119629
        ],
        "mhs2-t8-c10": [
            32.87055802345276,
            32.861602783203125,
            32.48109197616577
        ],
        "mhs2-t8-c5": [
            0.38617610931396484,
            0.4530320167541504,
            0.40990614891052246
        ],
        "mhs2-t8-c7": [
            4.032482147216797,
            3.965315103530884,
            3.967708110809326
        ],
        "mmcs": [
            0.05981898307800293,
            0.03334999084472656,
            0.0520939826965332
        ],
        "ocsanaGreedy": [
            Infinity,
            Infinity,
            Infinity
        ],
        "ocsanaGreedy-c10": [
            Infinity,
            Infinity,
            Infinity
        ],
        "ocsanaGreedy-c5": [
            Infinity,
            Infinity,
            Infinity
        ],
        "ocsanaGreedy-c7": [
            Infinity,
            Infinity,
            Infinity
        ],
        "pMMCS": [
            0.06742000579833984,
            0.06772112846374512,
            0.07196903228759766
        ],
        "pMMCS-c10": [
            0.029132843017578125,
            0.0314021110534668,
            0.031915903091430664
        ],
        "pMMCS-c5": [
            0.00935816764831543,
            0.010782003402709961,
            0.008104085922241211
        ],
        "pMMCS-c7": [
            0.01087188720703125,
            0.012990951538085938,
            0.012369871139526367
        ],
        "pMMCS-t12": [
            0.05388307571411133,
            0.056694984436035156,
            0.06541991233825684
        ],
        "pMMCS-t12-c10": [
            0.034355878829956055,
            0.04333996772766113,
            0.026849985122680664
        ],
        "pMMCS-t12-c5": [
            0.04561614990234375,
            0.03456997871398926,
            0.023868799209594727
        ],
        "pMMCS-t12-c7": [
            0.025561094284057617,
            0.03858590126037598,
            0.03243207931518555
        ],
        "pMMCS-t16": [
            0.05869412422180176,
            0.06770896911621094,
            0.0753469467163086
        ],
        "pMMCS-t16-c10": [
            0.05766582489013672,
            0.039930105209350586,
            0.05321502685546875
        ],
        "pMMCS-t16-c5": [
            0.04366302490234375,
            0.04685497283935547,
            0.042799949645996094
        ],
        "pMMCS-t16-c7": [
            0.04994487762451172,
            0.06664109230041504,
            0.0469510555267334
        ],
        "pMMCS-t2": [
            0.05676603317260742,
            0.06080293655395508,
            0.06109499931335449
        ],
        "pMMCS-t2-c10": [
            0.025378942489624023,
            0.022792816162109375,
            0.017737865447998047
        ],
        "pMMCS-t2-c5": [
            0.009926080703735352,
            0.008692026138305664,
            0.00949406623840332
        ],
        "pMMCS-t2-c7": [
            0.010712862014770508,
            0.011374950408935547,
            0.013094902038574219
        ],
        "pMMCS-t4": [
            0.04052090644836426,
            0.04615592956542969,
            0.03562307357788086
        ],
        "pMMCS-t4-c10": [
            0.0219881534576416,
            0.025990009307861328,
            0.02288198471069336
        ],
        "pMMCS-t4-c5": [
            0.013469934463500977,
            0.010282039642333984,
            0.0158388614654541
        ],
        "pMMCS-t4-c7": [
            0.01671600341796875,
            0.01666402816772461,
            0.012373208999633789
        ],
        "pMMCS-t6": [
            0.043003082275390625,
            0.04174208641052246,
            0.0516819953918457
        ],
        "pMMCS-t6-c10": [
            0.027102947235107422,
            0.026777029037475586,
            0.03200697898864746
        ],
        "pMMCS-t6-c5": [
            0.0306241512298584,
            0.013767004013061523,
            0.016269207000732422
        ],
        "pMMCS-t6-c7": [
            0.02331399917602539,
            0.015243053436279297,
            0.020833969116210938
        ],
        "pMMCS-t8": [
            0.04317188262939453,
            0.042114973068237305,
            0.05092191696166992
        ],
        "pMMCS-t8-c10": [
            0.03689408302307129,
            0.03720808029174805,
            0.024676084518432617
        ],
        "pMMCS-t8-c5": [
            0.02193593978881836,
            0.028625011444091797,
            0.025877952575683594
        ],
        "pMMCS-t8-c7": [
            0.025229930877685547,
            0.027513980865478516,
            0.02519702911376953
        ],
        "pRS": [
            0.3260610103607178,
            0.3285188674926758,
            0.3395881652832031
        ],
        "pRS-c10": [
            0.09975314140319824,
            0.08017897605895996,
            0.11183881759643555
        ],
        "pRS-c5": [
            0.008817911148071289,
            0.010354995727539062,
            0.00922083854675293
        ],
        "pRS-c7": [
            0.02971482276916504,
            0.021430015563964844,
            0.027979135513305664
        ],
        "pRS-t12": [
            0.14446115493774414,
            0.13002800941467285,
            0.14294695854187012
        ],
        "pRS-t12-c10": [
            0.07045507431030273,
            0.06901812553405762,
            0.05461001396179199
        ],
        "pRS-t12-c5": [
            0.026322126388549805,
            0.035305023193359375,
            0.028112173080444336
        ],
        "pRS-t12-c7": [
            0.0330960750579834,
            0.040624141693115234,
            0.038420915603637695
        ],
        "pRS-t16": [
            0.13324999809265137,
            0.12499189376831055,
            0.11737513542175293
        ],
        "pRS-t16-c10": [
            0.08505702018737793,
            0.08521890640258789,
            0.0711829662322998
        ],
        "pRS-t16-c5": [
            0.028247833251953125,
            0.05713915824890137,
            0.04350399971008301
        ],
        "pRS-t16-c7": [
            0.05595684051513672,
            0.05718493461608887,
            0.04617190361022949
        ],
        "pRS-t2": [
            0.23429393768310547,
            0.22925519943237305,
            0.2509770393371582
        ],
        "pRS-t2-c10": [
            0.0666651725769043,
            0.08039283752441406,
            0.09091901779174805
        ],
        "pRS-t2-c5": [
            0.009446859359741211,
            0.007157087326049805,
            0.009402990341186523
        ],
        "pRS-t2-c7": [
            0.027549028396606445,
            0.018136978149414062,
            0.029356956481933594
        ],
        "pRS-t4": [
            0.2056419849395752,
            0.18778705596923828,
            0.19698405265808105
        ],
        "pRS-t4-c10": [
            0.0640709400177002,
            0.07491397857666016,
            0.06324982643127441
        ],
        "pRS-t4-c5": [
            0.016913175582885742,
            0.014102935791015625,
            0.011034965515136719
        ],
        "pRS-t4-c7": [
            0.021228790283203125,
            0.021528959274291992,
            0.022089004516601562
        ],
        "pRS-t6": [
            0.14273810386657715,
            0.12051701545715332,
            0.15003299713134766
        ],
        "pRS-t6-c10": [
            0.0634770393371582,
            0.060755014419555664,
            0.05850505828857422
        ],
        "pRS-t6-c5": [
            0.020943164825439453,
            0.017406940460205078,
            0.014895915985107422
        ],
        "pRS-t6-c7": [
            0.024333953857421875,
            0.026884794235229492,
            0.026427030563354492
        ],
        "pRS-t8": [
            0.12575578689575195,
            0.12005901336669922,
            0.13187503814697266
        ],
        "pRS-t8-c10": [
            0.06053900718688965,
            0.0555570125579834,
            0.06560492515563965
        ],
        "pRS-t8-c5": [
            0.021337032318115234,
            0.020810842514038086,
            0.01695108413696289
        ],
        "pRS-t8-c7": [
            0.024584054946899414,
            0.03396892547607422,
            0.03291487693786621
        ],
        "partran": [
            Infinity,
            Infinity,
            Infinity
        ],
        "partran-t12": [
            Infinity,
            Infinity,
            Infinity
        ],
        "partran-t16": [
            Infinity,
            Infinity,
            Infinity
        ],
        "partran-t2": [
            Infinity,
            Infinity,
            Infinity
        ],
        "partran-t4": [
            Infinity,
            Infinity,
            Infinity
        ],
        "partran-t6": [
            Infinity,
            Infinity,
            Infinity
        ],
        "partran-t8": [
            Infinity,
            Infinity,
            Infinity
        ],
        "primdecomp": [
            3.6096608638763428,
            3.299661874771118,
            3.4635369777679443
        ],
        "rs": [
            0.057456016540527344,
            0.05415701866149902,
            0.0557098388671875
        ],
        "staccato": [
            Infinity,
            Infinity,
            Infinity
        ],
        "staccato-c10": [
            Infinity,
            Infinity,
            Infinity
        ],
        "staccato-c5": [
            Infinity,
            Infinity,
            Infinity
        ],
        "staccato-c7": [
            Infinity,
            Infinity,
            Infinity
        ]
    },
    "timeout_secs": 3600,
    "transversal_counts": {
        "primdecomp": [
            3363,
            3363,
            3363
        ]
    }
}