{
    "algs": [
        {
            "algName": "bmr",
            "containerName": "compsysmed/bmr"
        },
        {
            "algName": "dl",
            "containerName": "compsysmed/dl"
        },
        {
            "algName": "fka.begk",
            "containerName": "compsysmed/fka-begk"
        },
        {
            "algName": "hbc",
            "containerName": "compsysmed/hbc"
        },
        {
            "algName": "ks",
            "containerName": "compsysmed/ks"
        },
        {
            "algName": "mhs2",
            "containerName": "compsysmed/mhs2",
            "cutoff": true,
            "slow": true,
            "threads": true
        },
        {
            "algName": "partran",
            "containerName": "compsysmed/partran",
            "slow": true,
            "threads": true
        },
        {
            "algName": "mmcs",
            "config": {
                "MODE": "mmcs"
            },
            "containerName": "compsysmed/shd"
        },
        {
            "algName": "rs",
            "config": {
                "MODE": "rs"
            },
            "containerName": "compsysmed/shd"
        },
        {
            "algName": "htcbdd",
            "config": {
                "MODE": "toda"
            },
            "containerName": "compsysmed/htcbdd"
        },
        {
            "algName": "knuth",
            "config": {
                "MODE": "knuth"
            },
            "containerName": "compsysmed/htcbdd"
        },
        {
            "algName": "bool.iterative",
            "config": {
                "ALGORITHM_NAME": "bool-iterative"
            },
            "containerName": "compsysmed/pymbd",
            "cutoff": true
        },
        {
            "algName": "hst",
            "config": {
                "ALGORITHM_NAME": "hst"
            },
            "containerName": "compsysmed/pymbd",
            "cutoff": true,
            "slow": true
        },
        {
            "algName": "hsdag",
            "config": {
                "ALGORITHM_NAME": "hsdag"
            },
            "containerName": "compsysmed/pymbd",
            "cutoff": true,
            "slow": true
        },
        {
            "algName": "staccato",
            "config": {
                "ALGORITHM_NAME": "staccato"
            },
            "containerName": "compsysmed/pymbd",
            "cutoff": true,
            "slow": true
        },
        {
            "algName": "pMMCS",
            "config": {
                "ALGORITHM": "pmmcs"
            },
            "containerName": "compsysmed/agdmhs",
            "cutoff": true,
            "threads": true
        },
        {
            "algName": "pRS",
            "config": {
                "ALGORITHM": "prs"
            },
            "containerName": "compsysmed/agdmhs",
            "cutoff": true,
            "threads": true
        },
        {
            "algName": "berge",
            "config": {
                "ALGORITHM": "berge"
            },
            "containerName": "compsysmed/agdmhs",
            "cutoff": true,
            "slow": true
        },
        {
            "algName": "bm",
            "config": {
                "ALGORITHM": "bm"
            },
            "containerName": "compsysmed/agdmhs",
            "threads": true
        },
        {
            "algName": "ocsanaGreedy",
            "containerName": "compsysmed/ocsanamhs",
            "cutoff": true
        },
        {
            "algName": "primdecomp",
            "containerName": "compsysmed/primdecomp"
        }
    ],
    "runtimes": {
        "berge": [
            Infinity,
            Infinity,
            Infinity
        ],
        "berge-c10": [
            Infinity,
            Infinity,
            Infinity
        ],
        "berge-c5": [
            23.16930103302002,
            23.181493043899536,
            23.091078996658325
        ],
        "berge-c7": [
            369.50871300697327,
            375.11163902282715,
            374.21984100341797
        ],
        "bm": [
            Infinity,
            Infinity,
            Infinity
        ],
        "bm-t12": [
            Infinity,
            Infinity,
            Infinity
        ],
        "bm-t16": [
            Infinity,
            Infinity,
            Infinity
        ],
        "bm-t2": [
            Infinity,
            Infinity,
            Infinity
        ],
        "bm-t4": [
            Infinity,
            Infinity,
            Infinity
        ],
        "bm-t6": [
            Infinity,
            Infinity,
            Infinity
        ],
        "bm-t8": [
            Infinity,
            Infinity,
            Infinity
        ],
        "bmr": [
            33.198893785476685,
            33.45971393585205,
            33.043055057525635
        ],
        "bool.iterative": [
            Infinity,
            Infinity,
            Infinity
        ],
        "bool.iterative-c10": [
            227.180899143219,
            228.14766907691956,
            229.12957310676575
        ],
        "bool.iterative-c5": [
            0.9919590950012207,
            0.9924161434173584,
            0.9540140628814697
        ],
        "bool.iterative-c7": [
            5.531466007232666,
            5.680217981338501,
            5.690502882003784
        ],
        "dl": [
            1770.9763250350952,
            1776.5367739200592,
            1771.7710030078888
        ],
        "fka.begk": [
            1365.9061000347137,
            1529.7977230548859,
            1421.6771910190582
        ],
        "hbc": [
            Infinity
        ],
        "hsdag": [
            Infinity,
            Infinity,
            Infinity
        ],
        "hsdag-c10": [
            Infinity,
            Infinity,
            Infinity
        ],
        "hsdag-c5": [
            1.68855619430542,
            1.690863847732544,
            1.7712368965148926
        ],
        "hsdag-c7": [
            133.81156301498413,
            131.9806809425354,
            133.29667401313782
        ],
        "hst": [
            Infinity,
            Infinity,
            Infinity
        ],
        "hst-c10": [
            Infinity,
            Infinity,
            Infinity
        ],
        "hst-c5": [
            7.574048042297363,
            7.635236978530884,
            7.830852031707764
        ],
        "hst-c7": [
            Infinity,
            Infinity,
            Infinity
        ],
        "htcbdd": [
            0.7054400444030762,
            0.5451188087463379,
            0.6877930164337158
        ],
        "knuth": [
            Infinity
        ],
        "ks": [
            3.4159910678863525,
            3.3475780487060547,
            3.3320629596710205
        ],
        "mhs2": [
            2438.328752040863,
            2450.8075058460236,
            2447.52871799469
        ],
        "mhs2-c10": [
            995.4000768661499,
            993.0684180259705,
            996.0651190280914
        ],
        "mhs2-c5": [
            11.720775127410889,
            11.859246015548706,
            11.971282958984375
        ],
        "mhs2-c7": [
            121.70089983940125,
            121.27375197410583,
            121.27594900131226
        ],
        "mhs2-t12": [
            579.5369238853455,
            577.5996940135956,
            577.5938789844513
        ],
        "mhs2-t12-c10": [
            199.65602707862854,
            199.43123388290405,
            198.81535387039185
        ],
        "mhs2-t12-c5": [
            2.3916330337524414,
            2.354526996612549,
            2.3202240467071533
        ],
        "mhs2-t12-c7": [
            19.510540008544922,
            19.31573796272278,
            19.79480004310608
        ],
        "mhs2-t16": [
            561.0159049034119,
            562.5096049308777,
            562.2926921844482
        ],
        "mhs2-t16-c10": [
            191.48616194725037,
            192.12289094924927,
            192.12102913856506
        ],
        "mhs2-t16-c5": [
            2.056814193725586,
            2.127732038497925,
            2.0412662029266357
        ],
        "mhs2-t16-c7": [
            17.739150047302246,
            17.492666006088257,
            17.60065484046936
        ],
        "mhs2-t2": [
            1360.9853241443634,
            1360.6277060508728,
            1366.831659078598
        ],
        "mhs2-t2-c10": [
            537.2573900222778,
            536.2808110713959,
            536.2729890346527
        ],
        "mhs2-t2-c5": [
            6.44270396232605,
            6.344482898712158,
            6.630296945571899
        ],
        "mhs2-t2-c7": [
            64.54168510437012,
            64.45529699325562,
            64.40730500221252
        ],
        "mhs2-t4": [
            778.4688289165497,
            781.6251809597015,
            780.171756029129
        ],
        "mhs2-t4-c10": [
            299.4170310497284,
            299.8935549259186,
            298.6638219356537
        ],
        "mhs2-t4-c5": [
            3.6287388801574707,
            3.6416540145874023,
            3.7158000469207764
        ],
        "mhs2-t4-c7": [
            34.91662311553955,
            34.840137004852295,
            34.93316388130188
        ],
        "mhs2-t6": [
            621.7623851299286,
            622.0467791557312,
            622.7902278900146
        ],
        "mhs2-t6-c10": [
            234.080246925354,
            234.24106287956238,
            233.59144687652588
        ],
        "mhs2-t6-c5": [
            2.689509868621826,
            2.685945987701416,
            2.679487943649292
        ],
        "mhs2-t6-c7": [
            25.44973587989807,
            25.48752212524414,
            25.380003929138184
        ],
        "mhs2-t8": [
            599.6087698936462,
            600.6669728755951,
            600.3661451339722
        ],
        "mhs2-t8-c10": [
            207.40541410446167,
            208.36789798736572,
            209.4402210712433
        ],
        "mhs2-t8-c5": [
            2.928632974624634,
            2.563253879547119,
            2.402911901473999
        ],
        "mhs2-t8-c7": [
            21.231693983078003,
            21.931919813156128,
            20.569014072418213
        ],
        "mmcs": [
            2.4888179302215576,
            2.554874897003174,
            2.5119080543518066
        ],
        "ocsanaGreedy": [
            Infinity,
            Infinity,
            Infinity
        ],
        "ocsanaGreedy-c10": [
            Infinity,
            Infinity,
            Infinity
        ],
        "ocsanaGreedy-c5": [
            Infinity,
            Infinity,
            Infinity
        ],
        "ocsanaGreedy-c7": [
            Infinity,
            Infinity,
            Infinity
        ],
        "pMMCS": [
            1.1346538066864014,
            1.1427228450775146,
            1.0969419479370117
        ],
        "pMMCS-c10": [
            0.5234291553497314,
            0.5435211658477783,
            0.5159330368041992
        ],
        "pMMCS-c5": [
            0.060656070709228516,
            0.06111288070678711,
            0.06776690483093262
        ],
        "pMMCS-c7": [
            0.16913580894470215,
            0.1657099723815918,
            0.1634230613708496
        ],
        "pMMCS-t12": [
            0.47943782806396484,
            0.48402905464172363,
            0.4171590805053711
        ],
        "pMMCS-t12-c10": [
            0.20900893211364746,
            0.20652008056640625,
            0.20522499084472656
        ],
        "pMMCS-t12-c5": [
            0.05871987342834473,
            0.04603099822998047,
            0.03828597068786621
        ],
        "pMMCS-t12-c7": [
            0.0935678482055664,
            0.07939791679382324,
            0.08594608306884766
        ],
        "pMMCS-t16": [
            0.4291501045227051,
            0.4426300525665283,
            0.421619176864624
        ],
        "pMMCS-t16-c10": [
            0.18158602714538574,
            0.20945191383361816,
            0.20597600936889648
        ],
        "pMMCS-t16-c5": [
            0.05216407775878906,
            0.06433892250061035,
            0.05680584907531738
        ],
        "pMMCS-t16-c7": [
            0.08505105972290039,
            0.0994100570678711,
            0.08592987060546875
        ],
        "pMMCS-t2": [
            0.8279099464416504,
            0.7764041423797607,
            0.858896017074585
        ],
        "pMMCS-t2-c10": [
            0.3905370235443115,
            0.3654329776763916,
            0.39296579360961914
        ],
        "pMMCS-t2-c5": [
            0.04098010063171387,
            0.05496788024902344,
            0.0540311336517334
        ],
        "pMMCS-t2-c7": [
            0.10914087295532227,
            0.12090110778808594,
            0.11616110801696777
        ],
        "pMMCS-t4": [
            0.5590498447418213,
            0.5898199081420898,
            0.6222620010375977
        ],
        "pMMCS-t4-c10": [
            0.3237600326538086,
            0.2740490436553955,
            0.24870586395263672
        ],
        "pMMCS-t4-c5": [
            0.045974016189575195,
            0.045770883560180664,
            0.03715395927429199
        ],
        "pMMCS-t4-c7": [
            0.09766483306884766,
            0.09857702255249023,
            0.10045790672302246
        ],
        "pMMCS-t6": [
            0.4797239303588867,
            0.4942169189453125,
            0.5036618709564209
        ],
        "pMMCS-t6-c10": [
            0.21600604057312012,
            0.26637911796569824,
            0.2557229995727539
        ],
        "pMMCS-t6-c5": [
            0.040612220764160156,
            0.04234600067138672,
            0.042658090591430664
        ],
        "pMMCS-t6-c7": [
            0.07816481590270996,
            0.08690309524536133,
            0.07838010787963867
        ],
        "pMMCS-t8": [
            0.45099687576293945,
            0.4586198329925537,
            0.46760010719299316
        ],
        "pMMCS-t8-c10": [
            0.1970229148864746,
            0.21295404434204102,
            0.1928269863128662
        ],
        "pMMCS-t8-c5": [
            0.04427909851074219,
            0.03715205192565918,
            0.04674792289733887
        ],
        "pMMCS-t8-c7": [
            0.08174014091491699,
            0.07650017738342285,
            0.08078694343566895
        ],
        "pRS": [
            15.831876993179321,
            15.000694036483765,
            15.490720987319946
        ],
        "pRS-c10": [
            5.0189220905303955,
            4.807297945022583,
            5.106389999389648
        ],
        "pRS-c5": [
            0.06590604782104492,
            0.054058074951171875,
            0.05613589286804199
        ],
        "pRS-c7": [
            0.6143629550933838,
            0.6663360595703125,
            0.6222271919250488
        ],
        "pRS-t12": [
            3.9012680053710938,
            3.755599021911621,
            4.166571855545044
        ],
        "pRS-t12-c10": [
            1.2786829471588135,
            1.2551219463348389,
            1.2471799850463867
        ],
        "pRS-t12-c5": [
            0.05465412139892578,
            0.05776095390319824,
            0.05853891372680664
        ],
        "pRS-t12-c7": [
            0.24368906021118164,
            0.2129819393157959,
            0.19274306297302246
        ],
        "pRS-t16": [
            3.7256011962890625,
            3.8420450687408447,
            3.747576951980591
        ],
        "pRS-t16-c10": [
            1.424199104309082,
            1.310703992843628,
            1.2978849411010742
        ],
        "pRS-t16-c5": [
            0.07228493690490723,
            0.06582117080688477,
            0.05578804016113281
        ],
        "pRS-t16-c7": [
            0.2132420539855957,
            0.1984400749206543,
            0.23823094367980957
        ],
        "pRS-t2": [
            9.134073972702026,
            9.212190866470337,
            9.104310989379883
        ],
        "pRS-t2-c10": [
            2.9239768981933594,
            3.0028131008148193,
            2.906057119369507
        ],
        "pRS-t2-c5": [
            0.06033802032470703,
            0.05627608299255371,
            0.06141495704650879
        ],
        "pRS-t2-c7": [
            0.3751399517059326,
            0.3791050910949707,
            0.3811368942260742
        ],
        "pRS-t4": [
            5.684444904327393,
            5.520487070083618,
            5.505422830581665
        ],
        "pRS-t4-c10": [
            1.838696002960205,
            1.7127959728240967,
            1.8600170612335205
        ],
        "pRS-t4-c5": [
            0.05186891555786133,
            0.05549788475036621,
            0.0556180477142334
        ],
        "pRS-t4-c7": [
            0.29160404205322266,
            0.2632029056549072,
            0.2790970802307129
        ],
        "pRS-t6": [
            4.45520806312561,
            4.522779941558838,
            4.437138795852661
        ],
        "pRS-t6-c10": [
            1.6502470970153809,
            1.549936056137085,
            1.6559300422668457
        ],
        "pRS-t6-c5": [
            0.0593419075012207,
            0.048323869705200195,
            0.05305790901184082
        ],
        "pRS-t6-c7": [
            0.21685409545898438,
            0.21731209754943848,
            0.2465360164642334
        ],
        "pRS-t8": [
            3.751755952835083,
            4.112293004989624,
            3.8045449256896973
        ],
        "pRS-t8-c10": [
            1.3770289421081543,
            1.3589179515838623,
            1.289376974105835
        ],
        "pRS-t8-c5": [
            0.05191493034362793,
            0.06159687042236328,
            0.056146860122680664
        ],
        "pRS-t8-c7": [
            0.21451210975646973,
            0.22941899299621582,
            0.2046051025390625
        ],
        "partran": [
            Infinity,
            Infinity,
            Infinity
        ],
        "partran-t12": [
            Infinity,
            Infinity,
            Infinity
        ],
        "partran-t16": [
            Infinity,
            Infinity,
            Infinity
        ],
        "partran-t2": [
            Infinity,
            Infinity,
            Infinity
        ],
        "partran-t4": [
            Infinity,
            Infinity,
            Infinity
        ],
        "partran-t6": [
            Infinity,
            Infinity,
            Infinity
        ],
        "partran-t8": [
            Infinity,
            Infinity,
            Infinity
        ],
        "primdecomp": [
            53.23899579048157,
            53.16286897659302,
            53.2905330657959
        ],
        "rs": [
            2.431892156600952,
            2.4647979736328125,
            2.4607579708099365
        ],
        "staccato": [
            Infinity,
            Infinity,
            Infinity
        ],
        "staccato-c10": [
            Infinity,
            Infinity,
            Infinity
        ],
        "staccato-c5": [
            Infinity,
            Infinity,
            Infinity
        ],
        "staccato-c7": [
            Infinity,
            Infinity,
            Infinity
        ]
    },
    "timeout_secs": 3600,
    "transversal_counts": {
        "berge-c5": [
            596,
            596,
            596
        ],
        "berge-c7": [
            3367,
            3367,
            3367
        ],
        "bmr": [
            25619,
            25619,
            25619
        ],
        "bool.iterative-c10": [
            13477,
            13477,
            13477
        ],
        "bool.iterative-c5": [
            596,
            596,
            596
        ],
        "bool.iterative-c7": [
            3367,
            3367,
            3367
        ],
        "dl": [
            25619,
            25619,
            25619
        ],
        "fka.begk": [
            25619,
            25619,
            25619
        ],
        "hsdag-c5": [
            596,
            596,
            596
        ],
        "hsdag-c7": [
            3367,
            3367,
            3367
        ],
        "hst-c5": [
            596,
            596,
            596
        ],
        "htcbdd": [
            25619,
            25619,
            25619
        ],
        "ks": [
            25619,
            25619,
            25619
        ],
        "mhs2": [
            25619,
            25619,
            25619
        ],
        "mhs2-c10": [
            13477,
            13477,
            13477
        ],
        "mhs2-c5": [
            596,
            596,
            596
        ],
        "mhs2-c7": [
            3367,
            3367,
            3367
        ],
        "mhs2-t12": [
            25619,
            25619,
            25619
        ],
        "mhs2-t12-c10": [
            13477,
            13477,
            13477
        ],
        "mhs2-t12-c5": [
            596,
            596,
            596
        ],
        "mhs2-t12-c7": [
            3367,
            3367,
            3367
        ],
        "mhs2-t16": [
            25619,
            25619,
            25619
        ],
        "mhs2-t16-c10": [
            13477,
            13477,
            13477
        ],
        "mhs2-t16-c5": [
            596,
            596,
            596
        ],
        "mhs2-t16-c7": [
            3367,
            3367,
            3367
        ],
        "mhs2-t2": [
            25619,
            25619,
            25619
        ],
        "mhs2-t2-c10": [
            13477,
            13477,
            13477
        ],
        "mhs2-t2-c5": [
            596,
            596,
            596
        ],
        "mhs2-t2-c7": [
            3367,
            3367,
            3367
        ],
        "mhs2-t4": [
            25619,
            25619,
            25619
        ],
        "mhs2-t4-c10": [
            13477,
            13477,
            13477
        ],
        "mhs2-t4-c5": [
            596,
            596,
            596
        ],
        "mhs2-t4-c7": [
            3367,
            3367,
            3367
        ],
        "mhs2-t6": [
            25619,
            25619,
            25619
        ],
        "mhs2-t6-c10": [
            13477,
            13477,
            13477
        ],
        "mhs2-t6-c5": [
            596,
            596,
            596
        ],
        "mhs2-t6-c7": [
            3367,
            3367,
            3367
        ],
        "mhs2-t8": [
            25619,
            25619,
            25619
        ],
        "mhs2-t8-c10": [
            13477,
            13477,
            13477
        ],
        "mhs2-t8-c5": [
            596,
            596,
            596
        ],
        "mhs2-t8-c7": [
            3367,
            3367,
            3367
        ],
        "mmcs": [
            25619,
            25619,
            25619
        ],
        "pMMCS": [
            25619,
            25619,
            25619
        ],
        "pMMCS-c10": [
            13477,
            13477,
            13477
        ],
        "pMMCS-c5": [
            596,
            596,
            596
        ],
        "pMMCS-c7": [
            3367,
            3367,
            3367
        ],
        "pMMCS-t12": [
            25619,
            25619,
            25619
        ],
        "pMMCS-t12-c10": [
            13477,
            13477,
            13477
        ],
        "pMMCS-t12-c5": [
            596,
            596,
            596
        ],
        "pMMCS-t12-c7": [
            3367,
            3367,
            3367
        ],
        "pMMCS-t16": [
            25619,
            25619,
            25619
        ],
        "pMMCS-t16-c10": [
            13477,
            13477,
            13477
        ],
        "pMMCS-t16-c5": [
            596,
            596,
            596
        ],
        "pMMCS-t16-c7": [
            3367,
            3367,
            3367
        ],
        "pMMCS-t2": [
            25619,
            25619,
            25619
        ],
        "pMMCS-t2-c10": [
            13477,
            13477,
            13477
        ],
        "pMMCS-t2-c5": [
            596,
            596,
            596
        ],
        "pMMCS-t2-c7": [
            3367,
            3367,
            3367
        ],
        "pMMCS-t4": [
            25619,
            25619,
            25619
        ],
        "pMMCS-t4-c10": [
            13477,
            13477,
            13477
        ],
        "pMMCS-t4-c5": [
            596,
            596,
            596
        ],
        "pMMCS-t4-c7": [
            3367,
            3367,
            3367
        ],
        "pMMCS-t6": [
            25619,
            25619,
            25619
        ],
        "pMMCS-t6-c10": [
            13477,
            13477,
            13477
        ],
        "pMMCS-t6-c5": [
            596,
            596,
            596
        ],
        "pMMCS-t6-c7": [
            3367,
            3367,
            3367
        ],
        "pMMCS-t8": [
            25619,
            25619,
            25619
        ],
        "pMMCS-t8-c10": [
            13477,
            13477,
            13477
        ],
        "pMMCS-t8-c5": [
            596,
            596,
            596
        ],
        "pMMCS-t8-c7": [
            3367,
            3367,
            3367
        ],
        "pRS": [
            25619,
            25619,
            25619
        ],
        "pRS-c10": [
            13477,
            13477,
            13477
        ],
        "pRS-c5": [
            596,
            596,
            596
        ],
        "pRS-c7": [
            3367,
            3367,
            3367
        ],
        "pRS-t12": [
            25619,
            25619,
            25619
        ],
        "pRS-t12-c10": [
            13477,
            13477,
            13477
        ],
        "pRS-t12-c5": [
            596,
            596,
            596
        ],
        "pRS-t12-c7": [
            3367,
            3367,
            3367
        ],
        "pRS-t16": [
            25619,
            25619,
            25619
        ],
        "pRS-t16-c10": [
            13477,
            13477,
            13477
        ],
        "pRS-t16-c5": [
            596,
            596,
            596
        ],
        "pRS-t16-c7": [
            3367,
            3367,
            3367
        ],
        "pRS-t2": [
            25619,
            25619,
            25619
        ],
        "pRS-t2-c10": [
            13477,
            13477,
            13477
        ],
        "pRS-t2-c5": [
            596,
            596,
            596
        ],
        "pRS-t2-c7": [
            3367,
            3367,
            3367
        ],
        "pRS-t4": [
            25619,
            25619,
            25619
        ],
        "pRS-t4-c10": [
            13477,
            13477,
            13477
        ],
        "pRS-t4-c5": [
            596,
            596,
            596
        ],
        "pRS-t4-c7": [
            3367,
            3367,
            3367
        ],
        "pRS-t6": [
            25619,
            25619,
            25619
        ],
        "pRS-t6-c10": [
            13477,
            13477,
            13477
        ],
        "pRS-t6-c5": [
            596,
            596,
            596
        ],
        "pRS-t6-c7": [
            3367,
            3367,
            3367
        ],
        "pRS-t8": [
            25619,
            25619,
            25619
        ],
        "pRS-t8-c10": [
            13477,
            13477,
            13477
        ],
        "pRS-t8-c5": [
            596,
            596,
            596
        ],
        "pRS-t8-c7": [
            3367,
            3367,
            3367
        ],
        "primdecomp": [
            25619,
            25619,
            25619
        ],
        "rs": [
            25619,
            25619,
            25619
        ]
    }
}