{
    "algs": [
        {
            "algName": "primdecomp",
            "containerName": "compsysmed/primdecomp"
        },
        {
            "algName": "bmr",
            "containerName": "compsysmed/bmr"
        },
        {
            "algName": "dl",
            "containerName": "compsysmed/dl"
        },
        {
            "algName": "fka.begk",
            "containerName": "compsysmed/fka-begk"
        },
        {
            "algName": "hbc",
            "containerName": "compsysmed/hbc"
        },
        {
            "algName": "ks",
            "containerName": "compsysmed/ks"
        },
        {
            "algName": "mhs2",
            "containerName": "compsysmed/mhs2",
            "cutoff": true,
            "slow": true,
            "threads": true
        },
        {
            "algName": "partran",
            "containerName": "compsysmed/partran",
            "slow": true,
            "threads": true
        },
        {
            "algName": "mmcs",
            "config": {
                "MODE": "mmcs"
            },
            "containerName": "compsysmed/shd"
        },
        {
            "algName": "rs",
            "config": {
                "MODE": "rs"
            },
            "containerName": "compsysmed/shd"
        },
        {
            "algName": "htcbdd",
            "config": {
                "MODE": "toda"
            },
            "containerName": "compsysmed/htcbdd"
        },
        {
            "algName": "knuth",
            "config": {
                "MODE": "knuth"
            },
            "containerName": "compsysmed/htcbdd"
        },
        {
            "algName": "bool.iterative",
            "config": {
                "ALGORITHM_NAME": "bool-iterative"
            },
            "containerName": "compsysmed/pymbd",
            "cutoff": true
        },
        {
            "algName": "hst",
            "config": {
                "ALGORITHM_NAME": "hst"
            },
            "containerName": "compsysmed/pymbd",
            "cutoff": true,
            "slow": true
        },
        {
            "algName": "hsdag",
            "config": {
                "ALGORITHM_NAME": "hsdag"
            },
            "containerName": "compsysmed/pymbd",
            "cutoff": true,
            "slow": true
        },
        {
            "algName": "staccato",
            "config": {
                "ALGORITHM_NAME": "staccato"
            },
            "containerName": "compsysmed/pymbd",
            "cutoff": true,
            "slow": true
        },
        {
            "algName": "pMMCS",
            "config": {
                "ALGORITHM": "pmmcs"
            },
            "containerName": "compsysmed/agdmhs",
            "cutoff": true,
            "threads": true
        },
        {
            "algName": "pRS",
            "config": {
                "ALGORITHM": "prs"
            },
            "containerName": "compsysmed/agdmhs",
            "cutoff": true,
            "threads": true
        },
        {
            "algName": "berge",
            "config": {
                "ALGORITHM": "berge"
            },
            "containerName": "compsysmed/agdmhs",
            "cutoff": true,
            "slow": true
        },
        {
            "algName": "bm",
            "config": {
                "ALGORITHM": "bm"
            },
            "containerName": "compsysmed/agdmhs",
            "threads": true
        },
        {
            "algName": "ocsanaGreedy",
            "containerName": "compsysmed/ocsanamhs",
            "cutoff": true
        }
    ],
    "runtimes": {
        "berge": [
            Infinity,
            Infinity,
            Infinity
        ],
        "berge-c10": [
            Infinity,
            Infinity,
            Infinity
        ],
        "berge-c5": [
            280.45315384864807,
            280.2649779319763,
            281.74776697158813
        ],
        "berge-c7": [
            Infinity,
            Infinity,
            Infinity
        ],
        "bm": [
            Infinity,
            Infinity,
            Infinity
        ],
        "bm-t12": [
            Infinity,
            Infinity,
            Infinity
        ],
        "bm-t16": [
            Infinity,
            Infinity,
            Infinity
        ],
        "bm-t2": [
            Infinity,
            Infinity,
            Infinity
        ],
        "bm-t4": [
            Infinity,
            Infinity,
            Infinity
        ],
        "bm-t6": [
            Infinity,
            Infinity,
            Infinity
        ],
        "bm-t8": [
            Infinity,
            Infinity,
            Infinity
        ],
        "bmr": [
            2209.397784948349,
            2211.251919031143,
            2209.630644083023
        ],
        "bool.iterative": [
            Infinity,
            Infinity,
            Infinity
        ],
        "bool.iterative-c10": [
            Infinity
        ],
        "bool.iterative-c5": [
            21.40286612510681,
            21.480513095855713,
            21.454713106155396
        ],
        "bool.iterative-c7": [
            200.27138495445251,
            198.6820719242096,
            198.4042820930481
        ],
        "dl": [
            Infinity
        ],
        "fka.begk": [
            Infinity
        ],
        "hbc": [
            Infinity
        ],
        "hsdag": [
            Infinity,
            Infinity,
            Infinity
        ],
        "hsdag-c10": [
            Infinity
        ],
        "hsdag-c5": [
            6.96413516998291,
            6.914438962936401,
            6.95822811126709
        ],
        "hsdag-c7": [
            546.5028228759766,
            537.1864039897919,
            556.2144451141357
        ],
        "hst": [
            Infinity,
            Infinity,
            Infinity
        ],
        "hst-c10": [
            Infinity,
            Infinity,
            Infinity
        ],
        "hst-c5": [
            9.419418096542358,
            8.85749101638794,
            8.921020984649658
        ],
        "hst-c7": [
            Infinity
        ],
        "htcbdd": [
            14.210023880004883,
            14.135381937026978,
            14.157334804534912
        ],
        "knuth": [
            Infinity
        ],
        "ks": [
            579.0350580215454,
            578.567018032074,
            576.8926410675049
        ],
        "mhs2": [
            Infinity,
            Infinity,
            Infinity
        ],
        "mhs2-c10": [
            Infinity,
            Infinity,
            Infinity
        ],
        "mhs2-c5": [
            873.6666719913483,
            870.3589148521423,
            869.8673188686371
        ],
        "mhs2-c7": [
            Infinity,
            Infinity,
            Infinity
        ],
        "mhs2-t12": [
            Infinity,
            Infinity,
            Infinity
        ],
        "mhs2-t12-c10": [
            Infinity,
            Infinity,
            Infinity
        ],
        "mhs2-t12-c5": [
            145.29690217971802,
            143.77702808380127,
            144.63947200775146
        ],
        "mhs2-t12-c7": [
            2290.0311818122864,
            2303.8005261421204,
            2293.3372321128845
        ],
        "mhs2-t16": [
            Infinity,
            Infinity,
            Infinity
        ],
        "mhs2-t16-c10": [
            Infinity
        ],
        "mhs2-t16-c5": [
            140.57513403892517,
            142.40100812911987,
            140.5818350315094
        ],
        "mhs2-t16-c7": [
            2188.110468149185,
            2188.5629210472107,
            2191.382969856262
        ],
        "mhs2-t2": [
            Infinity,
            Infinity,
            Infinity
        ],
        "mhs2-t2-c10": [
            Infinity,
            Infinity,
            Infinity
        ],
        "mhs2-t2-c5": [
            461.4192969799042,
            463.1928451061249,
            470.4126877784729
        ],
        "mhs2-t2-c7": [
            Infinity,
            Infinity,
            Infinity
        ],
        "mhs2-t4": [
            Infinity,
            Infinity,
            Infinity
        ],
        "mhs2-t4-c10": [
            Infinity,
            Infinity,
            Infinity
        ],
        "mhs2-t4-c5": [
            255.76308584213257,
            255.52167201042175,
            255.32189297676086
        ],
        "mhs2-t4-c7": [
            Infinity
        ],
        "mhs2-t6": [
            Infinity,
            Infinity,
            Infinity
        ],
        "mhs2-t6-c10": [
            Infinity,
            Infinity,
            Infinity
        ],
        "mhs2-t6-c5": [
            185.25718092918396,
            186.20009303092957,
            185.13019704818726
        ],
        "mhs2-t6-c7": [
            3018.4489879608154,
            3018.3766479492188,
            3012.2078211307526
        ],
        "mhs2-t8": [
            Infinity,
            Infinity,
            Infinity
        ],
        "mhs2-t8-c10": [
            Infinity,
            Infinity,
            Infinity
        ],
        "mhs2-t8-c5": [
            146.33192896842957,
            146.252277135849,
            146.1804039478302
        ],
        "mhs2-t8-c7": [
            2409.8693177700043,
            2409.506562948227,
            2410.060516834259
        ],
        "mmcs": [
            160.05478715896606,
            156.72159099578857,
            157.08172011375427
        ],
        "ocsanaGreedy": [
            Infinity,
            Infinity,
            Infinity
        ],
        "ocsanaGreedy-c10": [
            Infinity,
            Infinity,
            Infinity
        ],
        "ocsanaGreedy-c5": [
            Infinity,
            Infinity,
            Infinity
        ],
        "ocsanaGreedy-c7": [
            Infinity,
            Infinity,
            Infinity
        ],
        "pMMCS": [
            202.92487692832947,
            202.64077305793762,
            202.64779114723206
        ],
        "pMMCS-c10": [
            17.936256885528564,
            17.90791416168213,
            17.935033082962036
        ],
        "pMMCS-c5": [
            0.4048750400543213,
            0.4017221927642822,
            0.3973400592803955
        ],
        "pMMCS-c7": [
            1.8952140808105469,
            1.8478670120239258,
            1.9207758903503418
        ],
        "pMMCS-t12": [
            52.61105799674988,
            48.54990315437317,
            49.160820960998535
        ],
        "pMMCS-t12-c10": [
            4.281991004943848,
            4.295916795730591,
            4.266741991043091
        ],
        "pMMCS-t12-c5": [
            0.3071458339691162,
            0.29097795486450195,
            0.3117189407348633
        ],
        "pMMCS-t12-c7": [
            0.6449191570281982,
            0.6584939956665039,
            0.6587610244750977
        ],
        "pMMCS-t16": [
            51.581050872802734,
            52.754316091537476,
            51.14556884765625
        ],
        "pMMCS-t16-c10": [
            4.206925868988037,
            4.218832015991211,
            4.134439945220947
        ],
        "pMMCS-t16-c5": [
            0.3504049777984619,
            0.29805517196655273,
            0.33623194694519043
        ],
        "pMMCS-t16-c7": [
            0.6574409008026123,
            0.6560170650482178,
            0.6531579494476318
        ],
        "pMMCS-t2": [
            118.89470887184143,
            118.47555494308472,
            118.70236015319824
        ],
        "pMMCS-t2-c10": [
            11.724320888519287,
            11.809526920318604,
            11.721264123916626
        ],
        "pMMCS-t2-c5": [
            0.35759520530700684,
            0.3597371578216553,
            0.36495018005371094
        ],
        "pMMCS-t2-c7": [
            1.4362869262695312,
            1.4180169105529785,
            1.4150919914245605
        ],
        "pMMCS-t4": [
            70.48364496231079,
            72.05083084106445,
            72.13120293617249
        ],
        "pMMCS-t4-c10": [
            7.00382399559021,
            7.04300594329834,
            6.918658018112183
        ],
        "pMMCS-t4-c5": [
            0.2944478988647461,
            0.294719934463501,
            0.2914159297943115
        ],
        "pMMCS-t4-c7": [
            0.9397659301757812,
            0.9201300144195557,
            0.9368500709533691
        ],
        "pMMCS-t6": [
            60.00776195526123,
            58.67136311531067,
            61.85582685470581
        ],
        "pMMCS-t6-c10": [
            5.271293878555298,
            5.351109981536865,
            5.336150169372559
        ],
        "pMMCS-t6-c5": [
            0.2831840515136719,
            0.2673299312591553,
            0.28268885612487793
        ],
        "pMMCS-t6-c7": [
            0.7265291213989258,
            0.7178301811218262,
            0.7215850353240967
        ],
        "pMMCS-t8": [
            51.074057817459106,
            50.76313400268555,
            50.30996012687683
        ],
        "pMMCS-t8-c10": [
            4.4407758712768555,
            4.376268148422241,
            4.387269973754883
        ],
        "pMMCS-t8-c5": [
            0.27337002754211426,
            0.2757999897003174,
            0.28550004959106445
        ],
        "pMMCS-t8-c7": [
            0.6406829357147217,
            0.6349208354949951,
            0.679163932800293
        ],
        "pRS": [
            1989.8463459014893,
            1974.7391068935394,
            2011.761106967926
        ],
        "pRS-c10": [
            117.19572591781616,
            118.5403139591217,
            118.48957896232605
        ],
        "pRS-c5": [
            0.2699270248413086,
            0.2711970806121826,
            0.27567505836486816
        ],
        "pRS-c7": [
            4.092360973358154,
            4.124269962310791,
            4.158227920532227
        ],
        "pRS-t12": [
            348.76434206962585,
            348.77591609954834,
            349.8802659511566
        ],
        "pRS-t12-c10": [
            21.87779688835144,
            21.768615007400513,
            21.69627594947815
        ],
        "pRS-t12-c5": [
            0.2583460807800293,
            0.2611548900604248,
            0.27643585205078125
        ],
        "pRS-t12-c7": [
            1.0207679271697998,
            1.0443000793457031,
            1.1295650005340576
        ],
        "pRS-t16": [
            336.7916600704193,
            334.61066818237305,
            333.6282789707184
        ],
        "pRS-t16-c10": [
            21.02226710319519,
            21.481478929519653,
            21.320295095443726
        ],
        "pRS-t16-c5": [
            0.27122998237609863,
            0.2792680263519287,
            0.29167699813842773
        ],
        "pRS-t16-c7": [
            1.1767568588256836,
            1.1211650371551514,
            1.1265709400177002
        ],
        "pRS-t2": [
            1137.7195999622345,
            1036.6705741882324,
            1072.6446301937103
        ],
        "pRS-t2-c10": [
            62.851885080337524,
            62.244301080703735,
            61.85675001144409
        ],
        "pRS-t2-c5": [
            0.23995399475097656,
            0.23642301559448242,
            0.23614001274108887
        ],
        "pRS-t2-c7": [
            2.44897198677063,
            2.405470132827759,
            2.336242914199829
        ],
        "pRS-t4": [
            586.1804049015045,
            591.2346749305725,
            591.1609261035919
        ],
        "pRS-t4-c10": [
            36.31735014915466,
            36.24327993392944,
            35.92428994178772
        ],
        "pRS-t4-c5": [
            0.2250368595123291,
            0.2021780014038086,
            0.22487807273864746
        ],
        "pRS-t4-c7": [
            1.436466932296753,
            1.630591869354248,
            1.5238029956817627
        ],
        "pRS-t6": [
            431.817724943161,
            443.9748809337616,
            431.5191080570221
        ],
        "pRS-t6-c10": [
            28.012376070022583,
            26.934514045715332,
            27.324413061141968
        ],
        "pRS-t6-c5": [
            0.21888399124145508,
            0.1642899513244629,
            0.21228599548339844
        ],
        "pRS-t6-c7": [
            1.1927809715270996,
            1.3722569942474365,
            1.2801427841186523
        ],
        "pRS-t8": [
            364.2201418876648,
            365.2089831829071,
            357.3584361076355
        ],
        "pRS-t8-c10": [
            22.27673888206482,
            22.457935094833374,
            22.558500051498413
        ],
        "pRS-t8-c5": [
            0.23182392120361328,
            0.217026948928833,
            0.2321000099182129
        ],
        "pRS-t8-c7": [
            1.0695998668670654,
            1.0817320346832275,
            1.246492862701416
        ],
        "partran": [
            Infinity,
            Infinity,
            Infinity
        ],
        "partran-t12": [
            Infinity,
            Infinity,
            Infinity
        ],
        "partran-t16": [
            Infinity
        ],
        "partran-t2": [
            Infinity,
            Infinity,
            Infinity
        ],
        "partran-t4": [
            Infinity,
            Infinity,
            Infinity
        ],
        "partran-t6": [
            Infinity,
            Infinity,
            Infinity
        ],
        "partran-t8": [
            Infinity,
            Infinity,
            Infinity
        ],
        "primdecomp": [
            Infinity
        ],
        "rs": [
            155.62938594818115,
            159.16676306724548,
            155.06446290016174
        ],
        "staccato": [
            Infinity,
            Infinity,
            Infinity
        ],
        "staccato-c10": [
            Infinity,
            Infinity,
            Infinity
        ],
        "staccato-c5": [
            Infinity
        ],
        "staccato-c7": [
            Infinity,
            Infinity,
            Infinity
        ]
    },
    "timeout_secs": 3600,
    "transversal_counts": {}
}