{
    "algs": [
        {
            "algName": "bmr",
            "containerName": "compsysmed/bmr"
        },
        {
            "algName": "dl",
            "containerName": "compsysmed/dl"
        },
        {
            "algName": "fka.begk",
            "containerName": "compsysmed/fka-begk"
        },
        {
            "algName": "hbc",
            "containerName": "compsysmed/hbc"
        },
        {
            "algName": "ks",
            "containerName": "compsysmed/ks"
        },
        {
            "algName": "mhs2",
            "containerName": "compsysmed/mhs2",
            "cutoff": true,
            "slow": true,
            "threads": true
        },
        {
            "algName": "partran",
            "containerName": "compsysmed/partran",
            "slow": true,
            "threads": true
        },
        {
            "algName": "mmcs",
            "config": {
                "MODE": "mmcs"
            },
            "containerName": "compsysmed/shd"
        },
        {
            "algName": "rs",
            "config": {
                "MODE": "rs"
            },
            "containerName": "compsysmed/shd"
        },
        {
            "algName": "htcbdd",
            "config": {
                "MODE": "toda"
            },
            "containerName": "compsysmed/htcbdd"
        },
        {
            "algName": "knuth",
            "config": {
                "MODE": "knuth"
            },
            "containerName": "compsysmed/htcbdd"
        },
        {
            "algName": "bool.iterative",
            "config": {
                "ALGORITHM_NAME": "bool-iterative"
            },
            "containerName": "compsysmed/pymbd",
            "cutoff": true
        },
        {
            "algName": "hst",
            "config": {
                "ALGORITHM_NAME": "hst"
            },
            "containerName": "compsysmed/pymbd",
            "cutoff": true,
            "slow": true
        },
        {
            "algName": "hsdag",
            "config": {
                "ALGORITHM_NAME": "hsdag"
            },
            "containerName": "compsysmed/pymbd",
            "cutoff": true,
            "slow": true
        },
        {
            "algName": "staccato",
            "config": {
                "ALGORITHM_NAME": "staccato"
            },
            "containerName": "compsysmed/pymbd",
            "cutoff": true,
            "slow": true
        },
        {
            "algName": "pMMCS",
            "config": {
                "ALGORITHM": "pmmcs"
            },
            "containerName": "compsysmed/agdmhs",
            "cutoff": true,
            "threads": true
        },
        {
            "algName": "pRS",
            "config": {
                "ALGORITHM": "prs"
            },
            "containerName": "compsysmed/agdmhs",
            "cutoff": true,
            "threads": true
        },
        {
            "algName": "berge",
            "config": {
                "ALGORITHM": "berge"
            },
            "containerName": "compsysmed/agdmhs",
            "cutoff": true,
            "slow": true
        },
        {
            "algName": "bm",
            "config": {
                "ALGORITHM": "bm"
            },
            "containerName": "compsysmed/agdmhs",
            "threads": true
        },
        {
            "algName": "ocsanaGreedy",
            "containerName": "compsysmed/ocsanamhs",
            "cutoff": true
        },
        {
            "algName": "primdecomp",
            "containerName": "compsysmed/primdecomp"
        }
    ],
    "runtimes": {
        "berge": [
            Infinity,
            Infinity,
            Infinity
        ],
        "berge-c10": [
            421.4357240200043,
            419.59843707084656,
            421.7996060848236
        ],
        "berge-c5": [
            1.4200329780578613,
            1.4928550720214844,
            1.49428391456604
        ],
        "berge-c7": [
            37.56204915046692,
            37.49468803405762,
            37.18428301811218
        ],
        "bm": [
            Infinity,
            Infinity,
            Infinity
        ],
        "bm-t12": [
            Infinity,
            Infinity,
            Infinity
        ],
        "bm-t16": [
            Infinity,
            Infinity,
            Infinity
        ],
        "bm-t2": [
            Infinity,
            Infinity,
            Infinity
        ],
        "bm-t4": [
            Infinity,
            Infinity,
            Infinity
        ],
        "bm-t6": [
            Infinity,
            Infinity,
            Infinity
        ],
        "bm-t8": [
            Infinity,
            Infinity,
            Infinity
        ],
        "bmr": [
            11.853604078292847,
            12.132997989654541,
            12.276642084121704
        ],
        "bool.iterative": [
            438.79494404792786,
            439.3069951534271,
            433.76277709007263
        ],
        "bool.iterative-c10": [
            27.501019954681396,
            27.64944815635681,
            27.479891061782837
        ],
        "bool.iterative-c5": [
            0.20836091041564941,
            0.21630501747131348,
            0.2088479995727539
        ],
        "bool.iterative-c7": [
            0.7903809547424316,
            0.9593160152435303,
            0.8877699375152588
        ],
        "dl": [
            228.59547090530396,
            225.5057499408722,
            221.21810698509216
        ],
        "fka.begk": [
            514.1791920661926,
            430.0756540298462,
            729.5629889965057
        ],
        "hbc": [
            677.4365558624268,
            682.3362369537354,
            685.0387749671936
        ],
        "hsdag": [
            Infinity,
            Infinity,
            Infinity
        ],
        "hsdag-c10": [
            Infinity,
            Infinity,
            Infinity
        ],
        "hsdag-c5": [
            0.1066739559173584,
            0.10727810859680176,
            0.10831809043884277
        ],
        "hsdag-c7": [
            11.668410062789917,
            11.508739948272705,
            11.468712091445923
        ],
        "hst": [
            Infinity,
            Infinity,
            Infinity
        ],
        "hst-c10": [
            Infinity,
            Infinity,
            Infinity
        ],
        "hst-c5": [
            0.3547639846801758,
            0.3878657817840576,
            0.3499720096588135
        ],
        "hst-c7": [
            Infinity,
            Infinity,
            Infinity
        ],
        "htcbdd": [
            0.5462338924407959,
            0.5662140846252441,
            0.553278923034668
        ],
        "knuth": [
            Infinity
        ],
        "ks": [
            0.8769099712371826,
            0.9447910785675049,
            0.8476579189300537
        ],
        "mhs2": [
            737.6807420253754,
            734.1518449783325,
            742.4656291007996
        ],
        "mhs2-c10": [
            379.95133113861084,
            379.6978838443756,
            382.86838698387146
        ],
        "mhs2-c5": [
            5.602818965911865,
            5.550662994384766,
            5.399093151092529
        ],
        "mhs2-c7": [
            54.163989782333374,
            54.235888957977295,
            53.2623188495636
        ],
        "mhs2-t12": [
            217.92721605300903,
            217.80684113502502,
            218.26928901672363
        ],
        "mhs2-t12-c10": [
            106.62548303604126,
            105.85638284683228,
            107.00738096237183
        ],
        "mhs2-t12-c5": [
            1.1490809917449951,
            1.0986909866333008,
            1.1715140342712402
        ],
        "mhs2-t12-c7": [
            11.424905061721802,
            10.992487907409668,
            11.268265008926392
        ],
        "mhs2-t16": [
            224.07165479660034,
            223.64124298095703,
            224.2759509086609
        ],
        "mhs2-t16-c10": [
            108.47098398208618,
            107.98325395584106,
            108.31105494499207
        ],
        "mhs2-t16-c5": [
            1.1267712116241455,
            1.0614960193634033,
            1.0820379257202148
        ],
        "mhs2-t16-c7": [
            10.474591970443726,
            10.820099830627441,
            10.593291997909546
        ],
        "mhs2-t2": [
            469.9203510284424,
            467.3280849456787,
            469.14991784095764
        ],
        "mhs2-t2-c10": [
            226.5212049484253,
            225.81929087638855,
            226.0420651435852
        ],
        "mhs2-t2-c5": [
            3.0687499046325684,
            3.1186089515686035,
            3.077929973602295
        ],
        "mhs2-t2-c7": [
            29.87778401374817,
            29.79357600212097,
            29.669732809066772
        ],
        "mhs2-t4": [
            291.47765016555786,
            290.863755941391,
            290.2583050727844
        ],
        "mhs2-t4-c10": [
            140.65092778205872,
            140.72293186187744,
            140.62442207336426
        ],
        "mhs2-t4-c5": [
            1.8348898887634277,
            1.773144006729126,
            1.7290639877319336
        ],
        "mhs2-t4-c7": [
            17.328285932540894,
            17.68356704711914,
            17.50908899307251
        ],
        "mhs2-t6": [
            246.49176287651062,
            246.92289805412292,
            249.38357496261597
        ],
        "mhs2-t6-c10": [
            118.53564310073853,
            118.2255871295929,
            118.71238398551941
        ],
        "mhs2-t6-c5": [
            1.301077127456665,
            1.302419900894165,
            1.7127289772033691
        ],
        "mhs2-t6-c7": [
            13.319720983505249,
            13.030834913253784,
            13.074993133544922
        ],
        "mhs2-t8": [
            244.9541699886322,
            244.36461901664734,
            242.92085003852844
        ],
        "mhs2-t8-c10": [
            117.3807590007782,
            115.10715103149414,
            117.83655214309692
        ],
        "mhs2-t8-c5": [
            1.1460320949554443,
            1.1310701370239258,
            1.4994378089904785
        ],
        "mhs2-t8-c7": [
            11.800359964370728,
            12.76929497718811,
            12.192713975906372
        ],
        "mmcs": [
            0.8557710647583008,
            0.701012134552002,
            0.8635311126708984
        ],
        "ocsanaGreedy": [
            Infinity,
            Infinity,
            Infinity
        ],
        "ocsanaGreedy-c10": [
            Infinity,
            Infinity,
            Infinity
        ],
        "ocsanaGreedy-c5": [
            Infinity,
            Infinity,
            Infinity
        ],
        "ocsanaGreedy-c7": [
            Infinity,
            Infinity,
            Infinity
        ],
        "pMMCS": [
            0.4705328941345215,
            0.4610171318054199,
            0.4626791477203369
        ],
        "pMMCS-c10": [
            0.2029588222503662,
            0.17792510986328125,
            0.21017193794250488
        ],
        "pMMCS-c5": [
            0.020093202590942383,
            0.02796316146850586,
            0.02427196502685547
        ],
        "pMMCS-c7": [
            0.05188703536987305,
            0.07010793685913086,
            0.06367111206054688
        ],
        "pMMCS-t12": [
            0.1810441017150879,
            0.17833900451660156,
            0.17298007011413574
        ],
        "pMMCS-t12-c10": [
            0.09689688682556152,
            0.08627104759216309,
            0.08534908294677734
        ],
        "pMMCS-t12-c5": [
            0.024989843368530273,
            0.0306551456451416,
            0.028326988220214844
        ],
        "pMMCS-t12-c7": [
            0.0403289794921875,
            0.04251694679260254,
            0.04980897903442383
        ],
        "pMMCS-t16": [
            0.19753193855285645,
            0.21780800819396973,
            0.21457600593566895
        ],
        "pMMCS-t16-c10": [
            0.09134101867675781,
            0.10113215446472168,
            0.1126558780670166
        ],
        "pMMCS-t16-c5": [
            0.05504298210144043,
            0.05175495147705078,
            0.035411834716796875
        ],
        "pMMCS-t16-c7": [
            0.05993986129760742,
            0.03916597366333008,
            0.04073596000671387
        ],
        "pMMCS-t2": [
            0.3359959125518799,
            0.31417202949523926,
            0.32251405715942383
        ],
        "pMMCS-t2-c10": [
            0.14029216766357422,
            0.14901089668273926,
            0.16703295707702637
        ],
        "pMMCS-t2-c5": [
            0.02133798599243164,
            0.014250993728637695,
            0.016223907470703125
        ],
        "pMMCS-t2-c7": [
            0.04472684860229492,
            0.04051709175109863,
            0.057672977447509766
        ],
        "pMMCS-t4": [
            0.23210716247558594,
            0.24413204193115234,
            0.2377018928527832
        ],
        "pMMCS-t4-c10": [
            0.12455010414123535,
            0.1233069896697998,
            0.11747193336486816
        ],
        "pMMCS-t4-c5": [
            0.019344091415405273,
            0.019163846969604492,
            0.022064924240112305
        ],
        "pMMCS-t4-c7": [
            0.04981112480163574,
            0.046684980392456055,
            0.03766298294067383
        ],
        "pMMCS-t6": [
            0.19829702377319336,
            0.20618700981140137,
            0.21612906455993652
        ],
        "pMMCS-t6-c10": [
            0.09943199157714844,
            0.10457682609558105,
            0.10572695732116699
        ],
        "pMMCS-t6-c5": [
            0.02356886863708496,
            0.0224459171295166,
            0.021397113800048828
        ],
        "pMMCS-t6-c7": [
            0.040702104568481445,
            0.04018902778625488,
            0.04844498634338379
        ],
        "pMMCS-t8": [
            0.20982909202575684,
            0.19610881805419922,
            0.17829585075378418
        ],
        "pMMCS-t8-c10": [
            0.10091495513916016,
            0.09996986389160156,
            0.08196306228637695
        ],
        "pMMCS-t8-c5": [
            0.023602008819580078,
            0.026770830154418945,
            0.022008895874023438
        ],
        "pMMCS-t8-c7": [
            0.0445709228515625,
            0.040109872817993164,
            0.034143924713134766
        ],
        "pRS": [
            3.9492621421813965,
            3.9041340351104736,
            3.9600820541381836
        ],
        "pRS-c10": [
            1.5364620685577393,
            1.5498700141906738,
            1.4050559997558594
        ],
        "pRS-c5": [
            0.018970966339111328,
            0.03377389907836914,
            0.037014007568359375
        ],
        "pRS-c7": [
            0.23015689849853516,
            0.22180485725402832,
            0.24265193939208984
        ],
        "pRS-t12": [
            1.0786619186401367,
            1.192720890045166,
            1.1168310642242432
        ],
        "pRS-t12-c10": [
            0.4656960964202881,
            0.4677541255950928,
            0.42107582092285156
        ],
        "pRS-t12-c5": [
            0.03283500671386719,
            0.028786897659301758,
            0.04690694808959961
        ],
        "pRS-t12-c7": [
            0.08224678039550781,
            0.09128499031066895,
            0.09137797355651855
        ],
        "pRS-t16": [
            1.1854698657989502,
            1.0368449687957764,
            1.20859694480896
        ],
        "pRS-t16-c10": [
            0.49500393867492676,
            0.47726011276245117,
            0.5076999664306641
        ],
        "pRS-t16-c5": [
            0.04786205291748047,
            0.043907880783081055,
            0.050872087478637695
        ],
        "pRS-t16-c7": [
            0.09714484214782715,
            0.09090995788574219,
            0.08616900444030762
        ],
        "pRS-t2": [
            2.5975470542907715,
            2.5404880046844482,
            2.5196990966796875
        ],
        "pRS-t2-c10": [
            1.072361946105957,
            1.039090871810913,
            1.087090015411377
        ],
        "pRS-t2-c5": [
            0.023395776748657227,
            0.022630929946899414,
            0.022847890853881836
        ],
        "pRS-t2-c7": [
            0.15827393531799316,
            0.16698908805847168,
            0.15652799606323242
        ],
        "pRS-t4": [
            1.6411411762237549,
            1.6155800819396973,
            1.7125601768493652
        ],
        "pRS-t4-c10": [
            0.8219389915466309,
            0.6988530158996582,
            0.6783130168914795
        ],
        "pRS-t4-c5": [
            0.024445056915283203,
            0.029284954071044922,
            0.028483867645263672
        ],
        "pRS-t4-c7": [
            0.11472821235656738,
            0.13666582107543945,
            0.11554098129272461
        ],
        "pRS-t6": [
            1.4252700805664062,
            1.2731070518493652,
            1.3654930591583252
        ],
        "pRS-t6-c10": [
            0.5769100189208984,
            0.6576480865478516,
            0.5353829860687256
        ],
        "pRS-t6-c5": [
            0.02915191650390625,
            0.023719072341918945,
            0.024991989135742188
        ],
        "pRS-t6-c7": [
            0.11847496032714844,
            0.09055805206298828,
            0.1092069149017334
        ],
        "pRS-t8": [
            1.1402339935302734,
            1.299299955368042,
            1.0680999755859375
        ],
        "pRS-t8-c10": [
            0.5377471446990967,
            0.5267181396484375,
            0.48620009422302246
        ],
        "pRS-t8-c5": [
            0.03422212600708008,
            0.029739856719970703,
            0.03374290466308594
        ],
        "pRS-t8-c7": [
            0.0985410213470459,
            0.09336686134338379,
            0.10124015808105469
        ],
        "partran": [
            Infinity,
            Infinity,
            Infinity
        ],
        "partran-t12": [
            Infinity,
            Infinity,
            Infinity
        ],
        "partran-t16": [
            Infinity,
            Infinity,
            Infinity
        ],
        "partran-t2": [
            Infinity,
            Infinity,
            Infinity
        ],
        "partran-t4": [
            Infinity,
            Infinity,
            Infinity
        ],
        "partran-t6": [
            Infinity,
            Infinity,
            Infinity
        ],
        "partran-t8": [
            Infinity,
            Infinity,
            Infinity
        ],
        "primdecomp": [
            22.594462871551514,
            22.418317079544067,
            22.332781076431274
        ],
        "rs": [
            0.7507228851318359,
            0.7301278114318848,
            0.7890760898590088
        ],
        "staccato": [
            Infinity,
            Infinity,
            Infinity
        ],
        "staccato-c10": [
            Infinity,
            Infinity,
            Infinity
        ],
        "staccato-c5": [
            Infinity,
            Infinity,
            Infinity
        ],
        "staccato-c7": [
            Infinity,
            Infinity,
            Infinity
        ]
    },
    "timeout_secs": 3600,
    "transversal_counts": {
        "berge-c10": [
            5818,
            5818,
            5818
        ],
        "berge-c5": [
            64,
            64,
            64
        ],
        "berge-c7": [
            2126,
            2126,
            2126
        ],
        "bmr": [
            14136,
            14136,
            14136
        ],
        "bool.iterative": [
            14136,
            14136,
            14136
        ],
        "bool.iterative-c10": [
            5818,
            5818,
            5818
        ],
        "bool.iterative-c5": [
            64,
            64,
            64
        ],
        "bool.iterative-c7": [
            2126,
            2126,
            2126
        ],
        "dl": [
            14136,
            14136,
            14136
        ],
        "fka.begk": [
            14136,
            14136,
            14136
        ],
        "hbc": [
            14136,
            14136,
            14136
        ],
        "hsdag-c5": [
            64,
            64,
            64
        ],
        "hsdag-c7": [
            2126,
            2126,
            2126
        ],
        "hst-c5": [
            64,
            64,
            64
        ],
        "htcbdd": [
            14136,
            14136,
            14136
        ],
        "ks": [
            14136,
            14136,
            14136
        ],
        "mhs2": [
            14136,
            14136,
            14136
        ],
        "mhs2-c10": [
            5818,
            5818,
            5818
        ],
        "mhs2-c5": [
            64,
            64,
            64
        ],
        "mhs2-c7": [
            2126,
            2126,
            2126
        ],
        "mhs2-t12": [
            14136,
            14136,
            14136
        ],
        "mhs2-t12-c10": [
            5818,
            5818,
            5818
        ],
        "mhs2-t12-c5": [
            64,
            64,
            64
        ],
        "mhs2-t12-c7": [
            2126,
            2126,
            2126
        ],
        "mhs2-t16": [
            14136,
            14136,
            14136
        ],
        "mhs2-t16-c10": [
            5818,
            5818,
            5818
        ],
        "mhs2-t16-c5": [
            64,
            64,
            64
        ],
        "mhs2-t16-c7": [
            2126,
            2126,
            2126
        ],
        "mhs2-t2": [
            14136,
            14136,
            14136
        ],
        "mhs2-t2-c10": [
            5818,
            5818,
            5818
        ],
        "mhs2-t2-c5": [
            64,
            64,
            64
        ],
        "mhs2-t2-c7": [
            2126,
            2126,
            2126
        ],
        "mhs2-t4": [
            14136,
            14136,
            14136
        ],
        "mhs2-t4-c10": [
            5818,
            5818,
            5818
        ],
        "mhs2-t4-c5": [
            64,
            64,
            64
        ],
        "mhs2-t4-c7": [
            2126,
            2126,
            2126
        ],
        "mhs2-t6": [
            14136,
            14136,
            14136
        ],
        "mhs2-t6-c10": [
            5818,
            5818,
            5818
        ],
        "mhs2-t6-c5": [
            64,
            64,
            64
        ],
        "mhs2-t6-c7": [
            2126,
            2126,
            2126
        ],
        "mhs2-t8": [
            14136,
            14136,
            14136
        ],
        "mhs2-t8-c10": [
            5818,
            5818,
            5818
        ],
        "mhs2-t8-c5": [
            64,
            64,
            64
        ],
        "mhs2-t8-c7": [
            2126,
            2126,
            2126
        ],
        "mmcs": [
            14136,
            14136,
            14136
        ],
        "pMMCS": [
            14136,
            14136,
            14136
        ],
        "pMMCS-c10": [
            5818,
            5818,
            5818
        ],
        "pMMCS-c5": [
            64,
            64,
            64
        ],
        "pMMCS-c7": [
            2126,
            2126,
            2126
        ],
        "pMMCS-t12": [
            14136,
            14136,
            14136
        ],
        "pMMCS-t12-c10": [
            5818,
            5818,
            5818
        ],
        "pMMCS-t12-c5": [
            64,
            64,
            64
        ],
        "pMMCS-t12-c7": [
            2126,
            2126,
            2126
        ],
        "pMMCS-t16": [
            14136,
            14136,
            14136
        ],
        "pMMCS-t16-c10": [
            5818,
            5818,
            5818
        ],
        "pMMCS-t16-c5": [
            64,
            64,
            64
        ],
        "pMMCS-t16-c7": [
            2126,
            2126,
            2126
        ],
        "pMMCS-t2": [
            14136,
            14136,
            14136
        ],
        "pMMCS-t2-c10": [
            5818,
            5818,
            5818
        ],
        "pMMCS-t2-c5": [
            64,
            64,
            64
        ],
        "pMMCS-t2-c7": [
            2126,
            2126,
            2126
        ],
        "pMMCS-t4": [
            14136,
            14136,
            14136
        ],
        "pMMCS-t4-c10": [
            5818,
            5818,
            5818
        ],
        "pMMCS-t4-c5": [
            64,
            64,
            64
        ],
        "pMMCS-t4-c7": [
            2126,
            2126,
            2126
        ],
        "pMMCS-t6": [
            14136,
            14136,
            14136
        ],
        "pMMCS-t6-c10": [
            5818,
            5818,
            5818
        ],
        "pMMCS-t6-c5": [
            64,
            64,
            64
        ],
        "pMMCS-t6-c7": [
            2126,
            2126,
            2126
        ],
        "pMMCS-t8": [
            14136,
            14136,
            14136
        ],
        "pMMCS-t8-c10": [
            5818,
            5818,
            5818
        ],
        "pMMCS-t8-c5": [
            64,
            64,
            64
        ],
        "pMMCS-t8-c7": [
            2126,
            2126,
            2126
        ],
        "pRS": [
            14136,
            14136,
            14136
        ],
        "pRS-c10": [
            5818,
            5818,
            5818
        ],
        "pRS-c5": [
            64,
            64,
            64
        ],
        "pRS-c7": [
            2126,
            2126,
            2126
        ],
        "pRS-t12": [
            14136,
            14136,
            14136
        ],
        "pRS-t12-c10": [
            5818,
            5818,
            5818
        ],
        "pRS-t12-c5": [
            64,
            64,
            64
        ],
        "pRS-t12-c7": [
            2126,
            2126,
            2126
        ],
        "pRS-t16": [
            14136,
            14136,
            14136
        ],
        "pRS-t16-c10": [
            5818,
            5818,
            5818
        ],
        "pRS-t16-c5": [
            64,
            64,
            64
        ],
        "pRS-t16-c7": [
            2126,
            2126,
            2126
        ],
        "pRS-t2": [
            14136,
            14136,
            14136
        ],
        "pRS-t2-c10": [
            5818,
            5818,
            5818
        ],
        "pRS-t2-c5": [
            64,
            64,
            64
        ],
        "pRS-t2-c7": [
            2126,
            2126,
            2126
        ],
        "pRS-t4": [
            14136,
            14136,
            14136
        ],
        "pRS-t4-c10": [
            5818,
            5818,
            5818
        ],
        "pRS-t4-c5": [
            64,
            64,
            64
        ],
        "pRS-t4-c7": [
            2126,
            2126,
            2126
        ],
        "pRS-t6": [
            14136,
            14136,
            14136
        ],
        "pRS-t6-c10": [
            5818,
            5818,
            5818
        ],
        "pRS-t6-c5": [
            64,
            64,
            64
        ],
        "pRS-t6-c7": [
            2126,
            2126,
            2126
        ],
        "pRS-t8": [
            14136,
            14136,
            14136
        ],
        "pRS-t8-c10": [
            5818,
            5818,
            5818
        ],
        "pRS-t8-c5": [
            64,
            64,
            64
        ],
        "pRS-t8-c7": [
            2126,
            2126,
            2126
        ],
        "primdecomp": [
            14136,
            14136,
            14136
        ],
        "rs": [
            14136,
            14136,
            14136
        ]
    }
}