{
    "algs": [
        {
            "algName": "bmr",
            "containerName": "compsysmed/bmr"
        },
        {
            "algName": "dl",
            "containerName": "compsysmed/dl"
        },
        {
            "algName": "fka.begk",
            "containerName": "compsysmed/fka-begk"
        },
        {
            "algName": "hbc",
            "containerName": "compsysmed/hbc"
        },
        {
            "algName": "ks",
            "containerName": "compsysmed/ks"
        },
        {
            "algName": "mhs2",
            "containerName": "compsysmed/mhs2",
            "cutoff": true,
            "slow": true,
            "threads": true
        },
        {
            "algName": "partran",
            "containerName": "compsysmed/partran",
            "slow": true,
            "threads": true
        },
        {
            "algName": "mmcs",
            "config": {
                "MODE": "mmcs"
            },
            "containerName": "compsysmed/shd"
        },
        {
            "algName": "rs",
            "config": {
                "MODE": "rs"
            },
            "containerName": "compsysmed/shd"
        },
        {
            "algName": "htcbdd",
            "config": {
                "MODE": "toda"
            },
            "containerName": "compsysmed/htcbdd"
        },
        {
            "algName": "knuth",
            "config": {
                "MODE": "knuth"
            },
            "containerName": "compsysmed/htcbdd"
        },
        {
            "algName": "bool.iterative",
            "config": {
                "ALGORITHM_NAME": "bool-iterative"
            },
            "containerName": "compsysmed/pymbd",
            "cutoff": true
        },
        {
            "algName": "hst",
            "config": {
                "ALGORITHM_NAME": "hst"
            },
            "containerName": "compsysmed/pymbd",
            "cutoff": true,
            "slow": true
        },
        {
            "algName": "hsdag",
            "config": {
                "ALGORITHM_NAME": "hsdag"
            },
            "containerName": "compsysmed/pymbd",
            "cutoff": true,
            "slow": true
        },
        {
            "algName": "staccato",
            "config": {
                "ALGORITHM_NAME": "staccato"
            },
            "containerName": "compsysmed/pymbd",
            "cutoff": true,
            "slow": true
        },
        {
            "algName": "pMMCS",
            "config": {
                "ALGORITHM": "pmmcs"
            },
            "containerName": "compsysmed/agdmhs",
            "cutoff": true,
            "threads": true
        },
        {
            "algName": "pRS",
            "config": {
                "ALGORITHM": "prs"
            },
            "containerName": "compsysmed/agdmhs",
            "cutoff": true,
            "threads": true
        },
        {
            "algName": "berge",
            "config": {
                "ALGORITHM": "berge"
            },
            "containerName": "compsysmed/agdmhs",
            "cutoff": true,
            "slow": true
        },
        {
            "algName": "bm",
            "config": {
                "ALGORITHM": "bm"
            },
            "containerName": "compsysmed/agdmhs",
            "threads": true
        },
        {
            "algName": "ocsanaGreedy",
            "containerName": "compsysmed/ocsanamhs",
            "cutoff": true
        },
        {
            "algName": "primdecomp",
            "containerName": "compsysmed/primdecomp"
        }
    ],
    "runtimes": {
        "berge": [
            Infinity,
            Infinity,
            Infinity
        ],
        "berge-c10": [
            Infinity,
            Infinity,
            Infinity
        ],
        "berge-c5": [
            112.72465682029724,
            110.81363487243652,
            112.01691913604736
        ],
        "berge-c7": [
            1719.0802319049835,
            1706.2382109165192,
            1701.8476657867432
        ],
        "bm": [
            Infinity,
            Infinity,
            Infinity
        ],
        "bm-t12": [
            Infinity,
            Infinity,
            Infinity
        ],
        "bm-t16": [
            Infinity,
            Infinity,
            Infinity
        ],
        "bm-t2": [
            Infinity,
            Infinity,
            Infinity
        ],
        "bm-t4": [
            Infinity,
            Infinity,
            Infinity
        ],
        "bm-t6": [
            Infinity,
            Infinity,
            Infinity
        ],
        "bm-t8": [
            Infinity,
            Infinity,
            Infinity
        ],
        "bmr": [
            26.742937088012695,
            26.67017102241516,
            26.73592209815979
        ],
        "bool.iterative": [
            Infinity,
            Infinity,
            Infinity
        ],
        "bool.iterative-c10": [
            483.52090978622437,
            487.07217288017273,
            485.48985600471497
        ],
        "bool.iterative-c5": [
            7.354995965957642,
            7.2555460929870605,
            7.53535795211792
        ],
        "bool.iterative-c7": [
            33.808576822280884,
            34.07405209541321,
            34.37221884727478
        ],
        "dl": [
            1755.8185789585114,
            1749.8781850337982,
            1746.1829369068146
        ],
        "fka.begk": [
            Infinity
        ],
        "hbc": [
            Infinity
        ],
        "hsdag": [
            Infinity,
            Infinity,
            Infinity
        ],
        "hsdag-c10": [
            Infinity,
            Infinity,
            Infinity
        ],
        "hsdag-c5": [
            4.574321985244751,
            4.5258708000183105,
            4.4946088790893555
        ],
        "hsdag-c7": [
            274.21704602241516,
            280.16782903671265,
            282.92654490470886
        ],
        "hst": [
            Infinity,
            Infinity,
            Infinity
        ],
        "hst-c10": [
            Infinity,
            Infinity,
            Infinity
        ],
        "hst-c5": [
            10.90835690498352,
            10.722913980484009,
            10.706398010253906
        ],
        "hst-c7": [
            Infinity,
            Infinity,
            Infinity
        ],
        "htcbdd": [
            0.8577229976654053,
            0.8262031078338623,
            0.847365140914917
        ],
        "knuth": [
            Infinity
        ],
        "ks": [
            10.321151971817017,
            10.278974056243896,
            10.496074914932251
        ],
        "mhs2": [
            Infinity,
            Infinity,
            Infinity
        ],
        "mhs2-c10": [
            2573.9210860729218,
            2572.346927165985,
            2675.716975927353
        ],
        "mhs2-c5": [
            33.94033098220825,
            33.960505962371826,
            33.750178813934326
        ],
        "mhs2-c7": [
            324.30954003334045,
            323.4601879119873,
            330.5702781677246
        ],
        "mhs2-t12": [
            973.4918057918549,
            970.2788259983063,
            982.3009490966797
        ],
        "mhs2-t12-c10": [
            393.94856119155884,
            394.08010482788086,
            398.06472301483154
        ],
        "mhs2-t12-c5": [
            6.825530052185059,
            6.883788824081421,
            6.454470157623291
        ],
        "mhs2-t12-c7": [
            50.80542206764221,
            51.07722020149231,
            52.543315172195435
        ],
        "mhs2-t16": [
            864.5913670063019,
            874.6229138374329,
            866.0825328826904
        ],
        "mhs2-t16-c10": [
            349.1191999912262,
            351.1972408294678,
            350.13925409317017
        ],
        "mhs2-t16-c5": [
            6.214422941207886,
            6.189575910568237,
            6.093367099761963
        ],
        "mhs2-t16-c7": [
            44.68312120437622,
            45.955394983291626,
            45.18553018569946
        ],
        "mhs2-t2": [
            3359.1426100730896,
            3368.4311311244965,
            3357.0390989780426
        ],
        "mhs2-t2-c10": [
            1382.1494798660278,
            1385.5815188884735,
            1379.2381348609924
        ],
        "mhs2-t2-c5": [
            18.629300117492676,
            18.474507093429565,
            18.61831498146057
        ],
        "mhs2-t2-c7": [
            173.75450897216797,
            172.45920395851135,
            172.10867309570312
        ],
        "mhs2-t4": [
            1852.809551000595,
            1848.1773340702057,
            1853.2646598815918
        ],
        "mhs2-t4-c10": [
            754.004390001297,
            755.6049420833588,
            753.7433199882507
        ],
        "mhs2-t4-c5": [
            10.562105894088745,
            10.418147087097168,
            10.529998064041138
        ],
        "mhs2-t4-c7": [
            93.95192813873291,
            93.80883002281189,
            94.06569314002991
        ],
        "mhs2-t6": [
            1353.169545173645,
            1357.376699924469,
            1354.3477568626404
        ],
        "mhs2-t6-c10": [
            551.0668158531189,
            551.9240369796753,
            552.708438873291
        ],
        "mhs2-t6-c5": [
            7.770962953567505,
            7.759305000305176,
            7.743273973464966
        ],
        "mhs2-t6-c7": [
            68.30297303199768,
            68.76129603385925,
            68.0754508972168
        ],
        "mhs2-t8": [
            1095.2499561309814,
            1106.9588248729706,
            1102.1788470745087
        ],
        "mhs2-t8-c10": [
            438.7672510147095,
            443.2450489997864,
            444.1496138572693
        ],
        "mhs2-t8-c5": [
            6.222801923751831,
            6.775614023208618,
            7.112011909484863
        ],
        "mhs2-t8-c7": [
            52.95118188858032,
            53.576828956604004,
            52.77030801773071
        ],
        "mmcs": [
            4.794405937194824,
            4.7186620235443115,
            4.5149757862091064
        ],
        "ocsanaGreedy": [
            Infinity,
            Infinity,
            Infinity
        ],
        "ocsanaGreedy-c10": [
            Infinity,
            Infinity,
            Infinity
        ],
        "ocsanaGreedy-c5": [
            Infinity,
            Infinity,
            Infinity
        ],
        "ocsanaGreedy-c7": [
            Infinity,
            Infinity,
            Infinity
        ],
        "pMMCS": [
            4.42524790763855,
            4.513338804244995,
            4.327891826629639
        ],
        "pMMCS-c10": [
            2.124056100845337,
            2.1848950386047363,
            2.2061519622802734
        ],
        "pMMCS-c5": [
            0.17463994026184082,
            0.17055201530456543,
            0.1755528450012207
        ],
        "pMMCS-c7": [
            0.5611810684204102,
            0.5735750198364258,
            0.5594699382781982
        ],
        "pMMCS-t12": [
            1.400824785232544,
            1.3771121501922607,
            1.4420859813690186
        ],
        "pMMCS-t12-c10": [
            0.6289348602294922,
            0.6659648418426514,
            0.6173620223999023
        ],
        "pMMCS-t12-c5": [
            0.09626293182373047,
            0.09689092636108398,
            0.08779501914978027
        ],
        "pMMCS-t12-c7": [
            0.16106390953063965,
            0.1842491626739502,
            0.1879589557647705
        ],
        "pMMCS-t16": [
            1.339228868484497,
            1.3268349170684814,
            1.43772292137146
        ],
        "pMMCS-t16-c10": [
            0.6229238510131836,
            0.6279659271240234,
            0.6040079593658447
        ],
        "pMMCS-t16-c5": [
            0.10962295532226562,
            0.09676098823547363,
            0.09903192520141602
        ],
        "pMMCS-t16-c7": [
            0.18587613105773926,
            0.20953798294067383,
            0.19080615043640137
        ],
        "pMMCS-t2": [
            3.0138909816741943,
            3.1280770301818848,
            3.07761287689209
        ],
        "pMMCS-t2-c10": [
            1.5317389965057373,
            1.5213689804077148,
            1.4394609928131104
        ],
        "pMMCS-t2-c5": [
            0.10985708236694336,
            0.15177512168884277,
            0.13082599639892578
        ],
        "pMMCS-t2-c7": [
            0.3922569751739502,
            0.4066939353942871,
            0.4264519214630127
        ],
        "pMMCS-t4": [
            1.955923080444336,
            1.9494929313659668,
            1.8903329372406006
        ],
        "pMMCS-t4-c10": [
            0.9915509223937988,
            0.9268391132354736,
            0.8844668865203857
        ],
        "pMMCS-t4-c5": [
            0.10489296913146973,
            0.10753703117370605,
            0.10949087142944336
        ],
        "pMMCS-t4-c7": [
            0.23136687278747559,
            0.28090405464172363,
            0.27997517585754395
        ],
        "pMMCS-t6": [
            1.5853519439697266,
            1.6382839679718018,
            1.6377880573272705
        ],
        "pMMCS-t6-c10": [
            0.7210540771484375,
            0.7340250015258789,
            0.7765910625457764
        ],
        "pMMCS-t6-c5": [
            0.10041093826293945,
            0.10324907302856445,
            0.09873199462890625
        ],
        "pMMCS-t6-c7": [
            0.19963717460632324,
            0.18514394760131836,
            0.21935200691223145
        ],
        "pMMCS-t8": [
            1.2720990180969238,
            1.5916378498077393,
            1.541396141052246
        ],
        "pMMCS-t8-c10": [
            0.659372091293335,
            0.7036709785461426,
            0.6349618434906006
        ],
        "pMMCS-t8-c5": [
            0.09071612358093262,
            0.09265398979187012,
            0.06871891021728516
        ],
        "pMMCS-t8-c7": [
            0.19210600852966309,
            0.18538308143615723,
            0.18818998336791992
        ],
        "pRS": [
            26.25578022003174,
            26.307801008224487,
            26.53396987915039
        ],
        "pRS-c10": [
            12.899361848831177,
            11.737671852111816,
            11.774285078048706
        ],
        "pRS-c5": [
            0.1849498748779297,
            0.16685795783996582,
            0.18431901931762695
        ],
        "pRS-c7": [
            1.5936288833618164,
            1.4842808246612549,
            1.5538780689239502
        ],
        "pRS-t12": [
            6.192020893096924,
            6.148983001708984,
            6.219987154006958
        ],
        "pRS-t12-c10": [
            2.6919870376586914,
            2.788691997528076,
            2.7411530017852783
        ],
        "pRS-t12-c5": [
            0.09038496017456055,
            0.1038811206817627,
            0.10181999206542969
        ],
        "pRS-t12-c7": [
            0.44560790061950684,
            0.4436008930206299,
            0.43320202827453613
        ],
        "pRS-t16": [
            6.03880500793457,
            6.064496040344238,
            6.1153199672698975
        ],
        "pRS-t16-c10": [
            2.658371925354004,
            2.6893439292907715,
            2.795630931854248
        ],
        "pRS-t16-c5": [
            0.10971307754516602,
            0.09865713119506836,
            0.0982370376586914
        ],
        "pRS-t16-c7": [
            0.41367411613464355,
            0.4004058837890625,
            0.4246950149536133
        ],
        "pRS-t2": [
            15.723543167114258,
            15.605182886123657,
            15.66163420677185
        ],
        "pRS-t2-c10": [
            6.913583993911743,
            6.967753171920776,
            6.795706033706665
        ],
        "pRS-t2-c5": [
            0.14475703239440918,
            0.1499180793762207,
            0.10290002822875977
        ],
        "pRS-t2-c7": [
            0.9963898658752441,
            1.0178210735321045,
            0.9933860301971436
        ],
        "pRS-t4": [
            9.6201012134552,
            10.060646057128906,
            9.322902917861938
        ],
        "pRS-t4-c10": [
            4.462935924530029,
            4.177731990814209,
            4.409193992614746
        ],
        "pRS-t4-c5": [
            0.08533000946044922,
            0.10261011123657227,
            0.11172199249267578
        ],
        "pRS-t4-c7": [
            0.662665843963623,
            0.6161510944366455,
            0.6666460037231445
        ],
        "pRS-t6": [
            7.4858081340789795,
            7.875796794891357,
            7.568758964538574
        ],
        "pRS-t6-c10": [
            3.553936004638672,
            3.3303141593933105,
            3.56596302986145
        ],
        "pRS-t6-c5": [
            0.11054086685180664,
            0.08264994621276855,
            0.1047370433807373
        ],
        "pRS-t6-c7": [
            0.49578094482421875,
            0.49141979217529297,
            0.5579090118408203
        ],
        "pRS-t8": [
            6.090785980224609,
            6.593061208724976,
            6.609796047210693
        ],
        "pRS-t8-c10": [
            2.7986440658569336,
            2.8279221057891846,
            2.8267509937286377
        ],
        "pRS-t8-c5": [
            0.09110784530639648,
            0.09699296951293945,
            0.10146307945251465
        ],
        "pRS-t8-c7": [
            0.4281599521636963,
            0.43242788314819336,
            0.4317500591278076
        ],
        "partran": [
            Infinity,
            Infinity,
            Infinity
        ],
        "partran-t12": [
            Infinity,
            Infinity,
            Infinity
        ],
        "partran-t16": [
            Infinity,
            Infinity,
            Infinity
        ],
        "partran-t2": [
            Infinity,
            Infinity,
            Infinity
        ],
        "partran-t4": [
            Infinity,
            Infinity,
            Infinity
        ],
        "partran-t6": [
            Infinity,
            Infinity,
            Infinity
        ],
        "partran-t8": [
            Infinity,
            Infinity,
            Infinity
        ],
        "primdecomp": [
            63.071377992630005,
            62.484254121780396,
            62.56519103050232
        ],
        "rs": [
            4.602319002151489,
            4.404767990112305,
            4.506324052810669
        ],
        "staccato": [
            Infinity,
            Infinity,
            Infinity
        ],
        "staccato-c10": [
            Infinity,
            Infinity,
            Infinity
        ],
        "staccato-c5": [
            Infinity,
            Infinity,
            Infinity
        ],
        "staccato-c7": [
            Infinity,
            Infinity,
            Infinity
        ]
    },
    "timeout_secs": 3600,
    "transversal_counts": {
        "berge-c5": [
            797,
            797,
            797
        ],
        "berge-c7": [
            4174,
            4174,
            4174
        ],
        "bmr": [
            21001,
            21001,
            21001
        ],
        "bool.iterative-c10": [
            13313,
            13313,
            13313
        ],
        "bool.iterative-c5": [
            797,
            797,
            797
        ],
        "bool.iterative-c7": [
            4174,
            4174,
            4174
        ],
        "dl": [
            21001,
            21001,
            21001
        ],
        "hsdag-c5": [
            797,
            797,
            797
        ],
        "hsdag-c7": [
            4174,
            4174,
            4174
        ],
        "hst-c5": [
            797,
            797,
            797
        ],
        "htcbdd": [
            21001,
            21001,
            21001
        ],
        "ks": [
            21001,
            21001,
            21001
        ],
        "mhs2-c10": [
            13313,
            13313,
            13313
        ],
        "mhs2-c5": [
            797,
            797,
            797
        ],
        "mhs2-c7": [
            4174,
            4174,
            4174
        ],
        "mhs2-t12": [
            21001,
            21001,
            21001
        ],
        "mhs2-t12-c10": [
            13313,
            13313,
            13313
        ],
        "mhs2-t12-c5": [
            797,
            797,
            797
        ],
        "mhs2-t12-c7": [
            4174,
            4174,
            4174
        ],
        "mhs2-t16": [
            21001,
            21001,
            21001
        ],
        "mhs2-t16-c10": [
            13313,
            13313,
            13313
        ],
        "mhs2-t16-c5": [
            797,
            797,
            797
        ],
        "mhs2-t16-c7": [
            4174,
            4174,
            4174
        ],
        "mhs2-t2": [
            21001,
            21001,
            21001
        ],
        "mhs2-t2-c10": [
            13313,
            13313,
            13313
        ],
        "mhs2-t2-c5": [
            797,
            797,
            797
        ],
        "mhs2-t2-c7": [
            4174,
            4174,
            4174
        ],
        "mhs2-t4": [
            21001,
            21001,
            21001
        ],
        "mhs2-t4-c10": [
            13313,
            13313,
            13313
        ],
        "mhs2-t4-c5": [
            797,
            797,
            797
        ],
        "mhs2-t4-c7": [
            4174,
            4174,
            4174
        ],
        "mhs2-t6": [
            21001,
            21001,
            21001
        ],
        "mhs2-t6-c10": [
            13313,
            13313,
            13313
        ],
        "mhs2-t6-c5": [
            797,
            797,
            797
        ],
        "mhs2-t6-c7": [
            4174,
            4174,
            4174
        ],
        "mhs2-t8": [
            21001,
            21001,
            21001
        ],
        "mhs2-t8-c10": [
            13313,
            13313,
            13313
        ],
        "mhs2-t8-c5": [
            797,
            797,
            797
        ],
        "mhs2-t8-c7": [
            4174,
            4174,
            4174
        ],
        "mmcs": [
            21001,
            21001,
            21001
        ],
        "pMMCS": [
            21001,
            21001,
            21001
        ],
        "pMMCS-c10": [
            13313,
            13313,
            13313
        ],
        "pMMCS-c5": [
            797,
            797,
            797
        ],
        "pMMCS-c7": [
            4174,
            4174,
            4174
        ],
        "pMMCS-t12": [
            21001,
            21001,
            21001
        ],
        "pMMCS-t12-c10": [
            13313,
            13313,
            13313
        ],
        "pMMCS-t12-c5": [
            797,
            797,
            797
        ],
        "pMMCS-t12-c7": [
            4174,
            4174,
            4174
        ],
        "pMMCS-t16": [
            21001,
            21001,
            21001
        ],
        "pMMCS-t16-c10": [
            13313,
            13313,
            13313
        ],
        "pMMCS-t16-c5": [
            797,
            797,
            797
        ],
        "pMMCS-t16-c7": [
            4174,
            4174,
            4174
        ],
        "pMMCS-t2": [
            21001,
            21001,
            21001
        ],
        "pMMCS-t2-c10": [
            13313,
            13313,
            13313
        ],
        "pMMCS-t2-c5": [
            797,
            797,
            797
        ],
        "pMMCS-t2-c7": [
            4174,
            4174,
            4174
        ],
        "pMMCS-t4": [
            21001,
            21001,
            21001
        ],
        "pMMCS-t4-c10": [
            13313,
            13313,
            13313
        ],
        "pMMCS-t4-c5": [
            797,
            797,
            797
        ],
        "pMMCS-t4-c7": [
            4174,
            4174,
            4174
        ],
        "pMMCS-t6": [
            21001,
            21001,
            21001
        ],
        "pMMCS-t6-c10": [
            13313,
            13313,
            13313
        ],
        "pMMCS-t6-c5": [
            797,
            797,
            797
        ],
        "pMMCS-t6-c7": [
            4174,
            4174,
            4174
        ],
        "pMMCS-t8": [
            21001,
            21001,
            21001
        ],
        "pMMCS-t8-c10": [
            13313,
            13313,
            13313
        ],
        "pMMCS-t8-c5": [
            797,
            797,
            797
        ],
        "pMMCS-t8-c7": [
            4174,
            4174,
            4174
        ],
        "pRS": [
            21001,
            21001,
            21001
        ],
        "pRS-c10": [
            13313,
            13313,
            13313
        ],
        "pRS-c5": [
            797,
            797,
            797
        ],
        "pRS-c7": [
            4174,
            4174,
            4174
        ],
        "pRS-t12": [
            21001,
            21001,
            21001
        ],
        "pRS-t12-c10": [
            13313,
            13313,
            13313
        ],
        "pRS-t12-c5": [
            797,
            797,
            797
        ],
        "pRS-t12-c7": [
            4174,
            4174,
            4174
        ],
        "pRS-t16": [
            21001,
            21001,
            21001
        ],
        "pRS-t16-c10": [
            13313,
            13313,
            13313
        ],
        "pRS-t16-c5": [
            797,
            797,
            797
        ],
        "pRS-t16-c7": [
            4174,
            4174,
            4174
        ],
        "pRS-t2": [
            21001,
            21001,
            21001
        ],
        "pRS-t2-c10": [
            13313,
            13313,
            13313
        ],
        "pRS-t2-c5": [
            797,
            797,
            797
        ],
        "pRS-t2-c7": [
            4174,
            4174,
            4174
        ],
        "pRS-t4": [
            21001,
            21001,
            21001
        ],
        "pRS-t4-c10": [
            13313,
            13313,
            13313
        ],
        "pRS-t4-c5": [
            797,
            797,
            797
        ],
        "pRS-t4-c7": [
            4174,
            4174,
            4174
        ],
        "pRS-t6": [
            21001,
            21001,
            21001
        ],
        "pRS-t6-c10": [
            13313,
            13313,
            13313
        ],
        "pRS-t6-c5": [
            797,
            797,
            797
        ],
        "pRS-t6-c7": [
            4174,
            4174,
            4174
        ],
        "pRS-t8": [
            21001,
            21001,
            21001
        ],
        "pRS-t8-c10": [
            13313,
            13313,
            13313
        ],
        "pRS-t8-c5": [
            797,
            797,
            797
        ],
        "pRS-t8-c7": [
            4174,
            4174,
            4174
        ],
        "primdecomp": [
            21001,
            21001,
            21001
        ],
        "rs": [
            21001,
            21001,
            21001
        ]
    }
}