{
    "$schema": "http://json-schema.org/schema#",
    "type": "object",
    "properties": {
        "sets": {
            "type": "array",
            "items": {
                "type": "array",
                "items": {
                    "type": "number"
                }
            }
        },
        "timeTaken": {
            "type": "number"
        },
        "transversals": {
            "type": "array",
            "items": {
                "type": "array",
                "items": {
                    "type": "number"
                }
            }
        }
    },
    "required": ["transversals"]
}
